No,SubID,CryVer,Name,SubName,Gen,Type1,Type2,Ability1,Ability2,HiddenAbility
1,0,1,フシギダネ,,1,くさ,どく,,,
1,0,2,フシギダネ,,1,くさ,どく,,,
2,0,1,フシギソウ,,1,くさ,どく,,,
2,0,2,フシギソウ,,1,くさ,どく,,,
3,0,1,フシギバナ,,1,くさ,どく,,,
3,0,2,フシギバナ,,1,くさ,どく,,,
4,0,1,ヒトカゲ,,1,ほのお,,,,
4,0,2,ヒトカゲ,,1,ほのお,,,,
5,0,1,リザード,,1,ほのお,,,,
5,0,2,リザード,,1,ほのお,,,,
6,0,1,リザードン,,1,ほのお,ひこう,,,
6,0,2,リザードン,,1,ほのお,ひこう,,,
7,0,1,ゼニガメ,,1,みず,,,,
7,0,2,ゼニガメ,,1,みず,,,,
8,0,1,カメール,,1,みず,,,,
8,0,2,カメール,,1,みず,,,,
9,0,1,カメックス,,1,みず,,,,
9,0,2,カメックス,,1,みず,,,,
10,0,1,キャタピー,,1,むし,,,,
10,0,2,キャタピー,,1,むし,,,,
11,0,1,トランセル,,1,むし,,,,
11,0,2,トランセル,,1,むし,,,,
12,0,1,バタフリー,,1,むし,ひこう,,,
12,0,2,バタフリー,,1,むし,ひこう,,,
13,0,1,ビードル,,1,むし,どく,,,
13,0,2,ビードル,,1,むし,どく,,,
14,0,1,コクーン,,1,むし,どく,,,
14,0,2,コクーン,,1,むし,どく,,,
15,0,1,スピアー,,1,むし,どく,,,
15,0,2,スピアー,,1,むし,どく,,,
16,0,1,ポッポ,,1,ノーマル,ひこう,,,
16,0,2,ポッポ,,1,ノーマル,ひこう,,,
17,0,1,ピジョン,,1,ノーマル,ひこう,,,
17,0,2,ピジョン,,1,ノーマル,ひこう,,,
18,0,1,ピジョット,,1,ノーマル,ひこう,,,
18,0,2,ピジョット,,1,ノーマル,ひこう,,,
19,0,1,コラッタ,,1,ノーマル,,,,
19,0,2,コラッタ,,1,ノーマル,,,,
20,0,1,ラッタ,,1,ノーマル,,,,
20,0,2,ラッタ,,1,ノーマル,,,,
21,0,1,オニスズメ,,1,ノーマル,ひこう,,,
21,0,2,オニスズメ,,1,ノーマル,ひこう,,,
22,0,1,オニドリル,,1,ノーマル,ひこう,,,
22,0,2,オニドリル,,1,ノーマル,ひこう,,,
23,0,1,アーボ,,1,どく,,,,
23,0,2,アーボ,,1,どく,,,,
24,0,1,アーボック,,1,どく,,,,
24,0,2,アーボック,,1,どく,,,,
25,0,1,ピカチュウ,,1,でんき,,,,
25,0,2,ピカチュウ,,1,でんき,,,,
26,0,1,ライチュウ,,1,でんき,,,,
26,0,2,ライチュウ,,1,でんき,,,,
27,0,1,サンド,,1,じめん,,,,
27,0,2,サンド,,1,じめん,,,,
28,0,1,サンドパン,,1,じめん,,,,
28,0,2,サンドパン,,1,じめん,,,,
29,0,1,ニドラン♀,,1,どく,,,,
29,0,2,ニドラン♀,,1,どく,,,,
30,0,1,ニドリーナ,,1,どく,,,,
30,0,2,ニドリーナ,,1,どく,,,,
31,0,1,ニドクイン,,1,どく,じめん,,,
31,0,2,ニドクイン,,1,どく,じめん,,,
32,0,1,ニドラン♂,,1,どく,,,,
32,0,2,ニドラン♂,,1,どく,,,,
33,0,1,ニドリーノ,,1,どく,,,,
33,0,2,ニドリーノ,,1,どく,,,,
34,0,1,ニドキング,,1,どく,じめん,,,
34,0,2,ニドキング,,1,どく,じめん,,,
35,0,1,ピッピ,,1,フェアリー,,,,
35,0,2,ピッピ,,1,フェアリー,,,,
36,0,1,ピクシー,,1,フェアリー,,,,
36,0,2,ピクシー,,1,フェアリー,,,,
37,0,1,ロコン,,1,ほのお,,,,
37,0,2,ロコン,,1,ほのお,,,,
38,0,1,キュウコン,,1,ほのお,,,,
38,0,2,キュウコン,,1,ほのお,,,,
39,0,1,プリン,,1,ノーマル,フェアリー,,,
39,0,2,プリン,,1,ノーマル,フェアリー,,,
40,0,1,プクリン,,1,ノーマル,フェアリー,,,
40,0,2,プクリン,,1,ノーマル,フェアリー,,,
41,0,1,ズバット,,1,どく,ひこう,,,
41,0,2,ズバット,,1,どく,ひこう,,,
42,0,1,ゴルバット,,1,どく,ひこう,,,
42,0,2,ゴルバット,,1,どく,ひこう,,,
43,0,1,ナゾノクサ,,1,くさ,どく,,,
43,0,2,ナゾノクサ,,1,くさ,どく,,,
44,0,1,クサイハナ,,1,くさ,どく,,,
44,0,2,クサイハナ,,1,くさ,どく,,,
45,0,1,ラフレシア,,1,くさ,どく,,,
45,0,2,ラフレシア,,1,くさ,どく,,,
46,0,1,パラス,,1,むし,くさ,,,
46,0,2,パラス,,1,むし,くさ,,,
47,0,1,パラセクト,,1,むし,くさ,,,
47,0,2,パラセクト,,1,むし,くさ,,,
48,0,1,コンパン,,1,むし,どく,,,
48,0,2,コンパン,,1,むし,どく,,,
49,0,1,モルフォン,,1,むし,どく,,,
49,0,2,モルフォン,,1,むし,どく,,,
50,0,1,ディグダ,,1,じめん,,,,
50,0,2,ディグダ,,1,じめん,,,,
51,0,1,ダグトリオ,,1,じめん,,,,
51,0,2,ダグトリオ,,1,じめん,,,,
52,0,1,ニャース,,1,ノーマル,,,,
52,0,2,ニャース,,1,ノーマル,,,,
53,0,1,ペルシアン,,1,ノーマル,,,,
53,0,2,ペルシアン,,1,ノーマル,,,,
54,0,1,コダック,,1,みず,,,,
54,0,2,コダック,,1,みず,,,,
55,0,1,ゴルダック,,1,みず,,,,
55,0,2,ゴルダック,,1,みず,,,,
56,0,1,マンキー,,1,かくとう,,,,
56,0,2,マンキー,,1,かくとう,,,,
57,0,1,オコリザル,,1,かくとう,,,,
57,0,2,オコリザル,,1,かくとう,,,,
58,0,1,ガーディ,,1,ほのお,,,,
58,0,2,ガーディ,,1,ほのお,,,,
59,0,1,ウインディ,,1,ほのお,,,,
59,0,2,ウインディ,,1,ほのお,,,,
60,0,1,ニョロモ,,1,みず,,,,
60,0,2,ニョロモ,,1,みず,,,,
61,0,1,ニョロゾ,,1,みず,,,,
61,0,2,ニョロゾ,,1,みず,,,,
62,0,1,ニョロボン,,1,みず,かくとう,,,
62,0,2,ニョロボン,,1,みず,かくとう,,,
63,0,1,ケーシィ,,1,エスパー,,,,
63,0,2,ケーシィ,,1,エスパー,,,,
64,0,1,ユンゲラー,,1,エスパー,,,,
64,0,2,ユンゲラー,,1,エスパー,,,,
65,0,1,フーディン,,1,エスパー,,,,
65,0,2,フーディン,,1,エスパー,,,,
66,0,1,ワンリキー,,1,かくとう,,,,
66,0,2,ワンリキー,,1,かくとう,,,,
67,0,1,ゴーリキー,,1,かくとう,,,,
67,0,2,ゴーリキー,,1,かくとう,,,,
68,0,1,カイリキー,,1,かくとう,,,,
68,0,2,カイリキー,,1,かくとう,,,,
69,0,1,マダツボミ,,1,くさ,どく,,,
69,0,2,マダツボミ,,1,くさ,どく,,,
70,0,1,ウツドン,,1,くさ,どく,,,
70,0,2,ウツドン,,1,くさ,どく,,,
71,0,1,ウツボット,,1,くさ,どく,,,
71,0,2,ウツボット,,1,くさ,どく,,,
72,0,1,メノクラゲ,,1,みず,どく,,,
72,0,2,メノクラゲ,,1,みず,どく,,,
73,0,1,ドククラゲ,,1,みず,どく,,,
73,0,2,ドククラゲ,,1,みず,どく,,,
74,0,1,イシツブテ,,1,いわ,じめん,,,
74,0,2,イシツブテ,,1,いわ,じめん,,,
75,0,1,ゴローン,,1,いわ,じめん,,,
75,0,2,ゴローン,,1,いわ,じめん,,,
76,0,1,ゴローニャ,,1,いわ,じめん,,,
76,0,2,ゴローニャ,,1,いわ,じめん,,,
77,0,1,ポニータ,,1,ほのお,,,,
77,0,2,ポニータ,,1,ほのお,,,,
78,0,1,ギャロップ,,1,ほのお,,,,
78,0,2,ギャロップ,,1,ほのお,,,,
79,0,1,ヤドン,,1,みず,エスパー,,,
79,0,2,ヤドン,,1,みず,エスパー,,,
80,0,1,ヤドラン,,1,みず,エスパー,,,
80,0,2,ヤドラン,,1,みず,エスパー,,,
81,0,1,コイル,,1,でんき,はがね,,,
81,0,2,コイル,,1,でんき,はがね,,,
82,0,1,レアコイル,,1,でんき,はがね,,,
82,0,2,レアコイル,,1,でんき,はがね,,,
83,0,1,カモネギ,,1,ノーマル,ひこう,,,
83,0,2,カモネギ,,1,ノーマル,ひこう,,,
84,0,1,ドードー,,1,ノーマル,ひこう,,,
84,0,2,ドードー,,1,ノーマル,ひこう,,,
85,0,1,ドードリオ,,1,ノーマル,ひこう,,,
85,0,2,ドードリオ,,1,ノーマル,ひこう,,,
86,0,1,パウワウ,,1,みず,,,,
86,0,2,パウワウ,,1,みず,,,,
87,0,1,ジュゴン,,1,みず,こおり,,,
87,0,2,ジュゴン,,1,みず,こおり,,,
88,0,1,ベトベター,,1,どく,,,,
88,0,2,ベトベター,,1,どく,,,,
89,0,1,ベトベトン,,1,どく,,,,
89,0,2,ベトベトン,,1,どく,,,,
90,0,1,シェルダー,,1,みず,,,,
90,0,2,シェルダー,,1,みず,,,,
91,0,1,パルシェン,,1,みず,こおり,,,
91,0,2,パルシェン,,1,みず,こおり,,,
92,0,1,ゴース,,1,ゴースト,どく,,,
92,0,2,ゴース,,1,ゴースト,どく,,,
93,0,1,ゴースト,,1,ゴースト,どく,,,
93,0,2,ゴースト,,1,ゴースト,どく,,,
94,0,1,ゲンガー,,1,ゴースト,どく,,,
94,0,2,ゲンガー,,1,ゴースト,どく,,,
95,0,1,イワーク,,1,いわ,じめん,,,
95,0,2,イワーク,,1,いわ,じめん,,,
96,0,1,スリープ,,1,エスパー,,,,
96,0,2,スリープ,,1,エスパー,,,,
97,0,1,スリーパー,,1,エスパー,,,,
97,0,2,スリーパー,,1,エスパー,,,,
98,0,1,クラブ,,1,みず,,,,
98,0,2,クラブ,,1,みず,,,,
99,0,1,キングラー,,1,みず,,,,
99,0,2,キングラー,,1,みず,,,,
100,0,1,ビリリダマ,,1,でんき,,,,
100,0,2,ビリリダマ,,1,でんき,,,,
101,0,1,マルマイン,,1,でんき,,,,
101,0,2,マルマイン,,1,でんき,,,,
102,0,1,タマタマ,,1,くさ,エスパー,,,
102,0,2,タマタマ,,1,くさ,エスパー,,,
103,0,1,ナッシー,,1,くさ,エスパー,,,
103,0,2,ナッシー,,1,くさ,エスパー,,,
104,0,1,カラカラ,,1,じめん,,,,
104,0,2,カラカラ,,1,じめん,,,,
105,0,1,ガラガラ,,1,じめん,,,,
105,0,2,ガラガラ,,1,じめん,,,,
106,0,1,サワムラー,,1,かくとう,,,,
106,0,2,サワムラー,,1,かくとう,,,,
107,0,1,エビワラー,,1,かくとう,,,,
107,0,2,エビワラー,,1,かくとう,,,,
108,0,1,ベロリンガ,,1,ノーマル,,,,
108,0,2,ベロリンガ,,1,ノーマル,,,,
109,0,1,ドガース,,1,どく,,,,
109,0,2,ドガース,,1,どく,,,,
110,0,1,マタドガス,,1,どく,,,,
110,0,2,マタドガス,,1,どく,,,,
111,0,1,サイホーン,,1,じめん,いわ,,,
111,0,2,サイホーン,,1,じめん,いわ,,,
112,0,1,サイドン,,1,じめん,いわ,,,
112,0,2,サイドン,,1,じめん,いわ,,,
113,0,1,ラッキー,,1,ノーマル,,,,
113,0,2,ラッキー,,1,ノーマル,,,,
114,0,1,モンジャラ,,1,くさ,,,,
114,0,2,モンジャラ,,1,くさ,,,,
115,0,1,ガルーラ,,1,ノーマル,,,,
115,0,2,ガルーラ,,1,ノーマル,,,,
116,0,1,タッツー,,1,みず,,,,
116,0,2,タッツー,,1,みず,,,,
117,0,1,シードラ,,1,みず,,,,
117,0,2,シードラ,,1,みず,,,,
118,0,1,トサキント,,1,みず,,,,
118,0,2,トサキント,,1,みず,,,,
119,0,1,アズマオウ,,1,みず,,,,
119,0,2,アズマオウ,,1,みず,,,,
120,0,1,ヒトデマン,,1,みず,,,,
120,0,2,ヒトデマン,,1,みず,,,,
121,0,1,スターミー,,1,みず,エスパー,,,
121,0,2,スターミー,,1,みず,エスパー,,,
122,0,1,バリヤード,,1,エスパー,,,,
122,0,1,バリヤード,,1,エスパー,フェアリー,,,
122,0,2,バリヤード,,1,エスパー,,,,
122,0,2,バリヤード,,1,エスパー,フェアリー,,,
123,0,1,ストライク,,1,むし,ひこう,,,
123,0,2,ストライク,,1,むし,ひこう,,,
124,0,1,ルージュラ,,1,こおり,エスパー,,,
124,0,2,ルージュラ,,1,こおり,エスパー,,,
125,0,1,エレブー,,1,でんき,,,,
125,0,2,エレブー,,1,でんき,,,,
126,0,1,ブーバー,,1,ほのお,,,,
126,0,2,ブーバー,,1,ほのお,,,,
127,0,1,カイロス,,1,むし,,,,
127,0,2,カイロス,,1,むし,,,,
128,0,1,ケンタロス,,1,ノーマル,,,,
128,0,2,ケンタロス,,1,ノーマル,,,,
129,0,1,コイキング,,1,みず,,,,
129,0,2,コイキング,,1,みず,,,,
130,0,1,ギャラドス,,1,みず,ひこう,,,
130,0,2,ギャラドス,,1,みず,ひこう,,,
131,0,1,ラプラス,,1,みず,こおり,,,
131,0,2,ラプラス,,1,みず,こおり,,,
132,0,1,メタモン,,1,ノーマル,,,,
132,0,2,メタモン,,1,ノーマル,,,,
133,0,1,イーブイ,,1,ノーマル,,,,
133,0,2,イーブイ,,1,ノーマル,,,,
134,0,1,シャワーズ,,1,みず,,,,
134,0,2,シャワーズ,,1,みず,,,,
135,0,1,サンダース,,1,でんき,,,,
135,0,2,サンダース,,1,でんき,,,,
136,0,1,ブースター,,1,ほのお,,,,
136,0,2,ブースター,,1,ほのお,,,,
137,0,1,ポリゴン,,1,ノーマル,,,,
137,0,2,ポリゴン,,1,ノーマル,,,,
138,0,1,オムナイト,,1,いわ,みず,,,
138,0,2,オムナイト,,1,いわ,みず,,,
139,0,1,オムスター,,1,いわ,みず,,,
139,0,2,オムスター,,1,いわ,みず,,,
140,0,1,カブト,,1,いわ,みず,,,
140,0,2,カブト,,1,いわ,みず,,,
141,0,1,カブトプス,,1,いわ,みず,,,
141,0,2,カブトプス,,1,いわ,みず,,,
142,0,1,プテラ,,1,いわ,ひこう,,,
142,0,2,プテラ,,1,いわ,ひこう,,,
143,0,1,カビゴン,,1,ノーマル,,,,
143,0,2,カビゴン,,1,ノーマル,,,,
144,0,1,フリーザー,,1,こおり,ひこう,,,
144,0,2,フリーザー,,1,こおり,ひこう,,,
145,0,1,サンダー,,1,でんき,ひこう,,,
145,0,2,サンダー,,1,でんき,ひこう,,,
146,0,1,ファイヤー,,1,ほのお,ひこう,,,
146,0,2,ファイヤー,,1,ほのお,ひこう,,,
147,0,1,ミニリュウ,,1,ドラゴン,,,,
147,0,2,ミニリュウ,,1,ドラゴン,,,,
148,0,1,ハクリュー,,1,ドラゴン,,,,
148,0,2,ハクリュー,,1,ドラゴン,,,,
149,0,1,カイリュー,,1,ドラゴン,ひこう,,,
149,0,2,カイリュー,,1,ドラゴン,ひこう,,,
150,0,1,ミュウツー,,1,エスパー,,,,
150,0,2,ミュウツー,,1,エスパー,,,,
151,0,1,ミュウ,,1,エスパー,,,,
151,0,2,ミュウ,,1,エスパー,,,,
152,0,1,チコリータ,,2,くさ,,,,
152,0,2,チコリータ,,2,くさ,,,,
153,0,1,ベイリーフ,,2,くさ,,,,
153,0,2,ベイリーフ,,2,くさ,,,,
154,0,1,メガニウム,,2,くさ,,,,
154,0,2,メガニウム,,2,くさ,,,,
155,0,1,ヒノアラシ,,2,ほのお,,,,
155,0,2,ヒノアラシ,,2,ほのお,,,,
156,0,1,マグマラシ,,2,ほのお,,,,
156,0,2,マグマラシ,,2,ほのお,,,,
157,0,1,バクフーン,,2,ほのお,,,,
157,0,2,バクフーン,,2,ほのお,,,,
158,0,1,ワニノコ,,2,みず,,,,
158,0,2,ワニノコ,,2,みず,,,,
159,0,1,アリゲイツ,,2,みず,,,,
159,0,2,アリゲイツ,,2,みず,,,,
160,0,1,オーダイル,,2,みず,,,,
160,0,2,オーダイル,,2,みず,,,,
161,0,1,オタチ,,2,ノーマル,,,,
161,0,2,オタチ,,2,ノーマル,,,,
162,0,1,オオタチ,,2,ノーマル,,,,
162,0,2,オオタチ,,2,ノーマル,,,,
163,0,1,ホーホー,,2,ノーマル,ひこう,,,
163,0,2,ホーホー,,2,ノーマル,ひこう,,,
164,0,1,ヨルノズク,,2,ノーマル,ひこう,,,
164,0,2,ヨルノズク,,2,ノーマル,ひこう,,,
165,0,1,レディバ,,2,むし,ひこう,,,
165,0,2,レディバ,,2,むし,ひこう,,,
166,0,1,レディアン,,2,むし,ひこう,,,
166,0,2,レディアン,,2,むし,ひこう,,,
167,0,1,イトマル,,2,むし,どく,,,
167,0,2,イトマル,,2,むし,どく,,,
168,0,1,アリアドス,,2,むし,どく,,,
168,0,2,アリアドス,,2,むし,どく,,,
169,0,1,クロバット,,2,どく,ひこう,,,
169,0,2,クロバット,,2,どく,ひこう,,,
170,0,1,チョンチー,,2,みず,でんき,,,
170,0,2,チョンチー,,2,みず,でんき,,,
171,0,1,ランターン,,2,みず,でんき,,,
171,0,2,ランターン,,2,みず,でんき,,,
172,0,1,ピチュー,,2,でんき,,,,
172,0,2,ピチュー,,2,でんき,,,,
173,0,1,ピィ,,2,フェアリー,,,,
173,0,2,ピィ,,2,フェアリー,,,,
174,0,1,ププリン,,2,ノーマル,フェアリー,,,
174,0,2,ププリン,,2,ノーマル,フェアリー,,,
175,0,1,トゲピー,,2,フェアリー,,,,
175,0,2,トゲピー,,2,フェアリー,,,,
176,0,1,トゲチック,,2,フェアリー,ひこう,,,
176,0,2,トゲチック,,2,フェアリー,ひこう,,,
177,0,1,ネイティ,,2,エスパー,ひこう,,,
177,0,2,ネイティ,,2,エスパー,ひこう,,,
178,0,1,ネイティオ,,2,エスパー,ひこう,,,
178,0,2,ネイティオ,,2,エスパー,ひこう,,,
179,0,1,メリープ,,2,でんき,,,,
179,0,2,メリープ,,2,でんき,,,,
180,0,1,モココ,,2,でんき,,,,
180,0,2,モココ,,2,でんき,,,,
181,0,1,デンリュウ,,2,でんき,,,,
181,0,2,デンリュウ,,2,でんき,,,,
182,0,1,キレイハナ,,2,くさ,,,,
182,0,2,キレイハナ,,2,くさ,,,,
183,0,1,マリル,,2,みず,フェアリー,,,
183,0,2,マリル,,2,みず,フェアリー,,,
184,0,1,マリルリ,,2,みず,フェアリー,,,
184,0,2,マリルリ,,2,みず,フェアリー,,,
185,0,1,ウソッキー,,2,いわ,,,,
185,0,2,ウソッキー,,2,いわ,,,,
186,0,1,ニョロトノ,,2,みず,,,,
186,0,2,ニョロトノ,,2,みず,,,,
187,0,1,ハネッコ,,2,くさ,ひこう,,,
187,0,2,ハネッコ,,2,くさ,ひこう,,,
188,0,1,ポポッコ,,2,くさ,ひこう,,,
188,0,2,ポポッコ,,2,くさ,ひこう,,,
189,0,1,ワタッコ,,2,くさ,ひこう,,,
189,0,2,ワタッコ,,2,くさ,ひこう,,,
190,0,1,エイパム,,2,ノーマル,,,,
190,0,2,エイパム,,2,ノーマル,,,,
191,0,1,ヒマナッツ,,2,くさ,,,,
191,0,2,ヒマナッツ,,2,くさ,,,,
192,0,1,キマワリ,,2,くさ,,,,
192,0,2,キマワリ,,2,くさ,,,,
193,0,1,ヤンヤンマ,,2,むし,ひこう,,,
193,0,2,ヤンヤンマ,,2,むし,ひこう,,,
194,0,1,ウパー,,2,みず,じめん,,,
194,0,2,ウパー,,2,みず,じめん,,,
195,0,1,ヌオー,,2,みず,じめん,,,
195,0,2,ヌオー,,2,みず,じめん,,,
196,0,1,エーフィ,,2,エスパー,,,,
196,0,2,エーフィ,,2,エスパー,,,,
197,0,1,ブラッキー,,2,あく,,,,
197,0,2,ブラッキー,,2,あく,,,,
198,0,1,ヤミカラス,,2,あく,ひこう,,,
198,0,2,ヤミカラス,,2,あく,ひこう,,,
199,0,1,ヤドキング,,2,みず,エスパー,,,
199,0,2,ヤドキング,,2,みず,エスパー,,,
200,0,1,ムウマ,,2,ゴースト,,,,
200,0,2,ムウマ,,2,ゴースト,,,,
201,0,1,アンノーン,,2,エスパー,,,,
201,0,2,アンノーン,,2,エスパー,,,,
202,0,1,ソーナンス,,2,エスパー,,,,
202,0,2,ソーナンス,,2,エスパー,,,,
203,0,1,キリンリキ,,2,ノーマル,エスパー,,,
203,0,2,キリンリキ,,2,ノーマル,エスパー,,,
204,0,1,クヌギダマ,,2,むし,,,,
204,0,2,クヌギダマ,,2,むし,,,,
205,0,1,フォレトス,,2,むし,はがね,,,
205,0,2,フォレトス,,2,むし,はがね,,,
206,0,1,ノコッチ,,2,ノーマル,,,,
206,0,2,ノコッチ,,2,ノーマル,,,,
207,0,1,グライガー,,2,じめん,ひこう,,,
207,0,2,グライガー,,2,じめん,ひこう,,,
208,0,1,ハガネール,,2,はがね,じめん,,,
208,0,2,ハガネール,,2,はがね,じめん,,,
209,0,1,ブルー,,2,フェアリー,,,,
209,0,2,ブルー,,2,フェアリー,,,,
210,0,1,グランブル,,2,フェアリー,,,,
210,0,2,グランブル,,2,フェアリー,,,,
211,0,1,ハリーセン,,2,みず,どく,,,
211,0,2,ハリーセン,,2,みず,どく,,,
212,0,1,ハッサム,,2,むし,はがね,,,
212,0,2,ハッサム,,2,むし,はがね,,,
213,0,1,ツボツボ,,2,むし,いわ,,,
213,0,2,ツボツボ,,2,むし,いわ,,,
214,0,1,ヘラクロス,,2,むし,かくとう,,,
214,0,2,ヘラクロス,,2,むし,かくとう,,,
215,0,1,ニューラ,,2,あく,こおり,,,
215,0,2,ニューラ,,2,あく,こおり,,,
216,0,1,ヒメグマ,,2,ノーマル,,,,
216,0,2,ヒメグマ,,2,ノーマル,,,,
217,0,1,リングマ,,2,ノーマル,,,,
217,0,2,リングマ,,2,ノーマル,,,,
218,0,1,マグマッグ,,2,ほのお,,,,
218,0,2,マグマッグ,,2,ほのお,,,,
219,0,1,マグカルゴ,,2,ほのお,いわ,,,
219,0,2,マグカルゴ,,2,ほのお,いわ,,,
220,0,1,ウリムー,,2,こおり,じめん,,,
220,0,2,ウリムー,,2,こおり,じめん,,,
221,0,1,イノムー,,2,こおり,じめん,,,
221,0,2,イノムー,,2,こおり,じめん,,,
222,0,1,サニーゴ,,2,みず,いわ,,,
222,0,2,サニーゴ,,2,みず,いわ,,,
223,0,1,テッポウオ,,2,みず,,,,
223,0,2,テッポウオ,,2,みず,,,,
224,0,1,オクタン,,2,みず,,,,
224,0,2,オクタン,,2,みず,,,,
225,0,1,デリバード,,2,こおり,ひこう,,,
225,0,2,デリバード,,2,こおり,ひこう,,,
226,0,1,マンタイン,,2,みず,ひこう,,,
226,0,2,マンタイン,,2,みず,ひこう,,,
227,0,1,エアームド,,2,はがね,ひこう,,,
227,0,2,エアームド,,2,はがね,ひこう,,,
228,0,1,デルビル,,2,あく,ほのお,,,
228,0,2,デルビル,,2,あく,ほのお,,,
229,0,1,ヘルガー,,2,あく,ほのお,,,
229,0,2,ヘルガー,,2,あく,ほのお,,,
230,0,1,キングドラ,,2,みず,ドラゴン,,,
230,0,2,キングドラ,,2,みず,ドラゴン,,,
231,0,1,ゴマゾウ,,2,じめん,,,,
231,0,2,ゴマゾウ,,2,じめん,,,,
232,0,1,ドンファン,,2,じめん,,,,
232,0,2,ドンファン,,2,じめん,,,,
233,0,1,ポリゴン2,,2,ノーマル,,,,
233,0,2,ポリゴン2,,2,ノーマル,,,,
234,0,1,オドシシ,,2,ノーマル,,,,
234,0,2,オドシシ,,2,ノーマル,,,,
235,0,1,ドーブル,,2,ノーマル,,,,
235,0,2,ドーブル,,2,ノーマル,,,,
236,0,1,バルキー,,2,かくとう,,,,
236,0,2,バルキー,,2,かくとう,,,,
237,0,1,カポエラー,,2,かくとう,,,,
237,0,2,カポエラー,,2,かくとう,,,,
238,0,1,ムチュール,,2,こおり,エスパー,,,
238,0,2,ムチュール,,2,こおり,エスパー,,,
239,0,1,エレキッド,,2,でんき,,,,
239,0,2,エレキッド,,2,でんき,,,,
240,0,1,ブビィ,,2,ほのお,,,,
240,0,2,ブビィ,,2,ほのお,,,,
241,0,1,ミルタンク,,2,ノーマル,,,,
241,0,2,ミルタンク,,2,ノーマル,,,,
242,0,1,ハピナス,,2,ノーマル,,,,
242,0,2,ハピナス,,2,ノーマル,,,,
243,0,1,ライコウ,,2,でんき,,,,
243,0,2,ライコウ,,2,でんき,,,,
244,0,1,エンテイ,,2,ほのお,,,,
244,0,2,エンテイ,,2,ほのお,,,,
245,0,1,スイクン,,2,みず,,,,
245,0,2,スイクン,,2,みず,,,,
246,0,1,ヨーギラス,,2,いわ,じめん,,,
246,0,2,ヨーギラス,,2,いわ,じめん,,,
247,0,1,サナギラス,,2,いわ,じめん,,,
247,0,2,サナギラス,,2,いわ,じめん,,,
248,0,1,バンギラス,,2,いわ,あく,,,
248,0,2,バンギラス,,2,いわ,あく,,,
249,0,1,ルギア,,2,エスパー,ひこう,,,
249,0,2,ルギア,,2,エスパー,ひこう,,,
250,0,1,ホウオウ,,2,ほのお,ひこう,,,
250,0,2,ホウオウ,,2,ほのお,ひこう,,,
251,0,1,セレビィ,,2,エスパー,くさ,,,
251,0,2,セレビィ,,2,エスパー,くさ,,,
252,0,1,キモリ,,3,くさ,,,,
252,0,2,キモリ,,3,くさ,,,,
253,0,1,ジュプトル,,3,くさ,,,,
253,0,2,ジュプトル,,3,くさ,,,,
254,0,1,ジュカイン,,3,くさ,,,,
254,0,2,ジュカイン,,3,くさ,,,,
255,0,1,アチャモ,,3,ほのお,,,,
255,0,2,アチャモ,,3,ほのお,,,,
256,0,1,ワカシャモ,,3,ほのお,かくとう,,,
256,0,2,ワカシャモ,,3,ほのお,かくとう,,,
257,0,1,バシャーモ,,3,ほのお,かくとう,,,
257,0,2,バシャーモ,,3,ほのお,かくとう,,,
258,0,1,ミズゴロウ,,3,みず,,,,
258,0,2,ミズゴロウ,,3,みず,,,,
259,0,1,ヌマクロー,,3,みず,じめん,,,
259,0,2,ヌマクロー,,3,みず,じめん,,,
260,0,1,ラグラージ,,3,みず,じめん,,,
260,0,2,ラグラージ,,3,みず,じめん,,,
261,0,1,ポチエナ,,3,あく,,,,
261,0,2,ポチエナ,,3,あく,,,,
262,0,1,グラエナ,,3,あく,,,,
262,0,2,グラエナ,,3,あく,,,,
263,0,1,ジグザグマ,,3,ノーマル,,,,
263,0,2,ジグザグマ,,3,ノーマル,,,,
264,0,1,マッスグマ,,3,ノーマル,,,,
264,0,2,マッスグマ,,3,ノーマル,,,,
265,0,1,ケムッソ,,3,むし,,,,
265,0,2,ケムッソ,,3,むし,,,,
266,0,1,カラサリス,,3,むし,,,,
266,0,2,カラサリス,,3,むし,,,,
267,0,1,アゲハント,,3,むし,ひこう,,,
267,0,2,アゲハント,,3,むし,ひこう,,,
268,0,1,マユルド,,3,むし,,,,
268,0,2,マユルド,,3,むし,,,,
269,0,1,ドクケイル,,3,むし,どく,,,
269,0,2,ドクケイル,,3,むし,どく,,,
270,0,1,ハスボー,,3,みず,くさ,,,
270,0,2,ハスボー,,3,みず,くさ,,,
271,0,1,ハスブレロ,,3,みず,くさ,,,
271,0,2,ハスブレロ,,3,みず,くさ,,,
272,0,1,ルンパッパ,,3,みず,くさ,,,
272,0,2,ルンパッパ,,3,みず,くさ,,,
273,0,1,タネボー,,3,くさ,,,,
273,0,2,タネボー,,3,くさ,,,,
274,0,1,コノハナ,,3,くさ,あく,,,
274,0,2,コノハナ,,3,くさ,あく,,,
275,0,1,ダーテング,,3,くさ,あく,,,
275,0,2,ダーテング,,3,くさ,あく,,,
276,0,1,スバメ,,3,ノーマル,ひこう,,,
276,0,2,スバメ,,3,ノーマル,ひこう,,,
277,0,1,オオスバメ,,3,ノーマル,ひこう,,,
277,0,2,オオスバメ,,3,ノーマル,ひこう,,,
278,0,1,キャモメ,,3,みず,ひこう,,,
278,0,2,キャモメ,,3,みず,ひこう,,,
279,0,1,ペリッパー,,3,みず,ひこう,,,
279,0,2,ペリッパー,,3,みず,ひこう,,,
280,0,1,ラルトス,,3,エスパー,フェアリー,,,
280,0,2,ラルトス,,3,エスパー,フェアリー,,,
281,0,1,キルリア,,3,エスパー,フェアリー,,,
281,0,2,キルリア,,3,エスパー,フェアリー,,,
282,0,1,サーナイト,,3,エスパー,フェアリー,,,
282,0,2,サーナイト,,3,エスパー,フェアリー,,,
283,0,1,アメタマ,,3,むし,みず,,,
283,0,2,アメタマ,,3,むし,みず,,,
284,0,1,アメモース,,3,むし,ひこう,,,
284,0,2,アメモース,,3,むし,ひこう,,,
285,0,1,キノココ,,3,くさ,,,,
285,0,2,キノココ,,3,くさ,,,,
286,0,1,キノガッサ,,3,くさ,かくとう,,,
286,0,2,キノガッサ,,3,くさ,かくとう,,,
287,0,1,ナマケロ,,3,ノーマル,,,,
287,0,2,ナマケロ,,3,ノーマル,,,,
288,0,1,ヤルキモノ,,3,ノーマル,,,,
288,0,2,ヤルキモノ,,3,ノーマル,,,,
289,0,1,ケッキング,,3,ノーマル,,,,
289,0,2,ケッキング,,3,ノーマル,,,,
290,0,1,ツチニン,,3,むし,じめん,,,
290,0,2,ツチニン,,3,むし,じめん,,,
291,0,1,テッカニン,,3,むし,ひこう,,,
291,0,2,テッカニン,,3,むし,ひこう,,,
292,0,1,ヌケニン,,3,むし,ゴースト,,,
292,0,2,ヌケニン,,3,むし,ゴースト,,,
293,0,1,ゴニョニョ,,3,ノーマル,,,,
293,0,2,ゴニョニョ,,3,ノーマル,,,,
294,0,1,ドゴーム,,3,ノーマル,,,,
294,0,2,ドゴーム,,3,ノーマル,,,,
295,0,1,バクオング,,3,ノーマル,,,,
295,0,2,バクオング,,3,ノーマル,,,,
296,0,1,マクノシタ,,3,かくとう,,,,
296,0,2,マクノシタ,,3,かくとう,,,,
297,0,1,ハリテヤマ,,3,かくとう,,,,
297,0,2,ハリテヤマ,,3,かくとう,,,,
298,0,1,ルリリ,,3,ノーマル,フェアリー,,,
298,0,2,ルリリ,,3,ノーマル,フェアリー,,,
299,0,1,ノズパス,,3,いわ,,,,
299,0,2,ノズパス,,3,いわ,,,,
300,0,1,エネコ,,3,ノーマル,,,,
300,0,2,エネコ,,3,ノーマル,,,,
301,0,1,エネコロロ,,3,ノーマル,,,,
301,0,2,エネコロロ,,3,ノーマル,,,,
302,0,1,ヤミラミ,,3,あく,ゴースト,,,
302,0,2,ヤミラミ,,3,あく,ゴースト,,,
303,0,1,クチート,,3,はがね,フェアリー,,,
303,0,2,クチート,,3,はがね,フェアリー,,,
304,0,1,ココドラ,,3,はがね,いわ,,,
304,0,2,ココドラ,,3,はがね,いわ,,,
305,0,1,コドラ,,3,はがね,いわ,,,
305,0,2,コドラ,,3,はがね,いわ,,,
306,0,1,ボスゴドラ,,3,はがね,いわ,,,
306,0,2,ボスゴドラ,,3,はがね,いわ,,,
307,0,1,アサナン,,3,かくとう,エスパー,,,
307,0,2,アサナン,,3,かくとう,エスパー,,,
308,0,1,チャーレム,,3,かくとう,エスパー,,,
308,0,2,チャーレム,,3,かくとう,エスパー,,,
309,0,1,ラクライ,,3,でんき,,,,
309,0,2,ラクライ,,3,でんき,,,,
310,0,1,ライボルト,,3,でんき,,,,
310,0,2,ライボルト,,3,でんき,,,,
311,0,1,プラスル,,3,でんき,,,,
311,0,2,プラスル,,3,でんき,,,,
312,0,1,マイナン,,3,でんき,,,,
312,0,2,マイナン,,3,でんき,,,,
313,0,1,バルビート,,3,むし,,,,
313,0,2,バルビート,,3,むし,,,,
314,0,1,イルミーゼ,,3,むし,,,,
314,0,2,イルミーゼ,,3,むし,,,,
315,0,1,ロゼリア,,3,くさ,どく,,,
315,0,2,ロゼリア,,3,くさ,どく,,,
316,0,1,ゴクリン,,3,どく,,,,
316,0,2,ゴクリン,,3,どく,,,,
317,0,1,マルノーム,,3,どく,,,,
317,0,2,マルノーム,,3,どく,,,,
318,0,1,キバニア,,3,みず,あく,,,
318,0,2,キバニア,,3,みず,あく,,,
319,0,1,サメハダー,,3,みず,あく,,,
319,0,2,サメハダー,,3,みず,あく,,,
320,0,1,ホエルコ,,3,みず,,,,
320,0,2,ホエルコ,,3,みず,,,,
321,0,1,ホエルオー,,3,みず,,,,
321,0,2,ホエルオー,,3,みず,,,,
322,0,1,ドンメル,,3,ほのお,じめん,,,
322,0,2,ドンメル,,3,ほのお,じめん,,,
323,0,1,バクーダ,,3,ほのお,じめん,,,
323,0,2,バクーダ,,3,ほのお,じめん,,,
324,0,1,コータス,,3,ほのお,,,,
324,0,2,コータス,,3,ほのお,,,,
325,0,1,バネブー,,3,エスパー,,,,
325,0,2,バネブー,,3,エスパー,,,,
326,0,1,ブーピッグ,,3,エスパー,,,,
326,0,2,ブーピッグ,,3,エスパー,,,,
327,0,1,パッチール,,3,ノーマル,,,,
327,0,2,パッチール,,3,ノーマル,,,,
328,0,1,ナックラー,,3,じめん,,,,
328,0,2,ナックラー,,3,じめん,,,,
329,0,1,ビブラーバ,,3,じめん,ドラゴン,,,
329,0,2,ビブラーバ,,3,じめん,ドラゴン,,,
330,0,1,フライゴン,,3,じめん,ドラゴン,,,
330,0,2,フライゴン,,3,じめん,ドラゴン,,,
331,0,1,サボネア,,3,くさ,,,,
331,0,2,サボネア,,3,くさ,,,,
332,0,1,ノクタス,,3,くさ,あく,,,
332,0,2,ノクタス,,3,くさ,あく,,,
333,0,1,チルット,,3,ノーマル,ひこう,,,
333,0,2,チルット,,3,ノーマル,ひこう,,,
334,0,1,チルタリス,,3,ドラゴン,ひこう,,,
334,0,2,チルタリス,,3,ドラゴン,ひこう,,,
335,0,1,ザングース,,3,ノーマル,,,,
335,0,2,ザングース,,3,ノーマル,,,,
336,0,1,ハブネーク,,3,どく,,,,
336,0,2,ハブネーク,,3,どく,,,,
337,0,1,ルナトーン,,3,いわ,エスパー,,,
337,0,2,ルナトーン,,3,いわ,エスパー,,,
338,0,1,ソルロック,,3,いわ,エスパー,,,
338,0,2,ソルロック,,3,いわ,エスパー,,,
339,0,1,ドジョッチ,,3,みず,じめん,,,
339,0,2,ドジョッチ,,3,みず,じめん,,,
340,0,1,ナマズン,,3,みず,じめん,,,
340,0,2,ナマズン,,3,みず,じめん,,,
341,0,1,ヘイガニ,,3,みず,,,,
341,0,2,ヘイガニ,,3,みず,,,,
342,0,1,シザリガー,,3,みず,あく,,,
342,0,2,シザリガー,,3,みず,あく,,,
343,0,1,ヤジロン,,3,じめん,エスパー,,,
343,0,2,ヤジロン,,3,じめん,エスパー,,,
344,0,1,ネンドール,,3,じめん,エスパー,,,
344,0,2,ネンドール,,3,じめん,エスパー,,,
345,0,1,リリーラ,,3,いわ,くさ,,,
345,0,2,リリーラ,,3,いわ,くさ,,,
346,0,1,ユレイドル,,3,いわ,くさ,,,
346,0,2,ユレイドル,,3,いわ,くさ,,,
347,0,1,アノプス,,3,いわ,むし,,,
347,0,2,アノプス,,3,いわ,むし,,,
348,0,1,アーマルド,,3,いわ,むし,,,
348,0,2,アーマルド,,3,いわ,むし,,,
349,0,1,ヒンバス,,3,みず,,,,
349,0,2,ヒンバス,,3,みず,,,,
350,0,1,ミロカロス,,3,みず,,,,
350,0,2,ミロカロス,,3,みず,,,,
351,0,1,ポワルン,,3,ノーマル,,,,
351,0,2,ポワルン,,3,ノーマル,,,,
352,0,1,カクレオン,,3,ノーマル,,,,
352,0,2,カクレオン,,3,ノーマル,,,,
353,0,1,カゲボウズ,,3,ゴースト,,,,
353,0,2,カゲボウズ,,3,ゴースト,,,,
354,0,1,ジュペッタ,,3,ゴースト,,,,
354,0,2,ジュペッタ,,3,ゴースト,,,,
355,0,1,ヨマワル,,3,ゴースト,,,,
355,0,2,ヨマワル,,3,ゴースト,,,,
356,0,1,サマヨール,,3,ゴースト,,,,
356,0,2,サマヨール,,3,ゴースト,,,,
357,0,1,トロピウス,,3,くさ,ひこう,,,
357,0,2,トロピウス,,3,くさ,ひこう,,,
358,0,1,チリーン,,3,エスパー,,,,
358,0,2,チリーン,,3,エスパー,,,,
359,0,1,アブソル,,3,あく,,,,
359,0,2,アブソル,,3,あく,,,,
360,0,1,ソーナノ,,3,エスパー,,,,
360,0,2,ソーナノ,,3,エスパー,,,,
361,0,1,ユキワラシ,,3,こおり,,,,
361,0,2,ユキワラシ,,3,こおり,,,,
362,0,1,オニゴーリ,,3,こおり,,,,
362,0,2,オニゴーリ,,3,こおり,,,,
363,0,1,タマザラシ,,3,こおり,みず,,,
363,0,2,タマザラシ,,3,こおり,みず,,,
364,0,1,トドグラー,,3,こおり,みず,,,
364,0,2,トドグラー,,3,こおり,みず,,,
365,0,1,トドゼルガ,,3,こおり,みず,,,
365,0,2,トドゼルガ,,3,こおり,みず,,,
366,0,1,パールル,,3,みず,,,,
366,0,2,パールル,,3,みず,,,,
367,0,1,ハンテール,,3,みず,,,,
367,0,2,ハンテール,,3,みず,,,,
368,0,1,サクラビス,,3,みず,,,,
368,0,2,サクラビス,,3,みず,,,,
369,0,1,ジーランス,,3,みず,いわ,,,
369,0,2,ジーランス,,3,みず,いわ,,,
370,0,1,ラブカス,,3,みず,,,,
370,0,2,ラブカス,,3,みず,,,,
371,0,1,タツベイ,,3,ドラゴン,,,,
371,0,2,タツベイ,,3,ドラゴン,,,,
372,0,1,コモルー,,3,ドラゴン,,,,
372,0,2,コモルー,,3,ドラゴン,,,,
373,0,1,ボーマンダ,,3,ドラゴン,ひこう,,,
373,0,2,ボーマンダ,,3,ドラゴン,ひこう,,,
374,0,1,ダンバル,,3,はがね,エスパー,,,
374,0,2,ダンバル,,3,はがね,エスパー,,,
375,0,1,メタング,,3,はがね,エスパー,,,
375,0,2,メタング,,3,はがね,エスパー,,,
376,0,1,メタグロス,,3,はがね,エスパー,,,
376,0,2,メタグロス,,3,はがね,エスパー,,,
377,0,1,レジロック,,3,いわ,,,,
377,0,2,レジロック,,3,いわ,,,,
378,0,1,レジアイス,,3,こおり,,,,
378,0,2,レジアイス,,3,こおり,,,,
379,0,1,レジスチル,,3,はがね,,,,
379,0,2,レジスチル,,3,はがね,,,,
380,0,1,ラティアス,,3,ドラゴン,エスパー,,,
380,0,2,ラティアス,,3,ドラゴン,エスパー,,,
381,0,1,ラティオス,,3,ドラゴン,エスパー,,,
381,0,2,ラティオス,,3,ドラゴン,エスパー,,,
382,0,1,カイオーガ,,3,みず,,,,
382,0,2,カイオーガ,,3,みず,,,,
383,0,1,グラードン,,3,じめん,,,,
383,0,2,グラードン,,3,じめん,,,,
384,0,1,レックウザ,,3,ドラゴン,ひこう,,,
384,0,2,レックウザ,,3,ドラゴン,ひこう,,,
385,0,1,ジラーチ,,3,はがね,エスパー,,,
385,0,2,ジラーチ,,3,はがね,エスパー,,,
386,0,1,デオキシス,ノーマルフォルム,3,エスパー,,,,
386,0,2,デオキシス,ノーマルフォルム,3,エスパー,,,,
387,0,1,ナエトル,,4,くさ,,,,
387,0,2,ナエトル,,4,くさ,,,,
388,0,1,ハヤシガメ,,4,くさ,,,,
388,0,2,ハヤシガメ,,4,くさ,,,,
389,0,1,ドダイトス,,4,くさ,じめん,,,
389,0,2,ドダイトス,,4,くさ,じめん,,,
390,0,1,ヒコザル,,4,ほのお,,,,
390,0,2,ヒコザル,,4,ほのお,,,,
391,0,1,モウカザル,,4,ほのお,かくとう,,,
391,0,2,モウカザル,,4,ほのお,かくとう,,,
392,0,1,ゴウカザル,,4,ほのお,かくとう,,,
392,0,2,ゴウカザル,,4,ほのお,かくとう,,,
393,0,1,ポッチャマ,,4,みず,,,,
393,0,2,ポッチャマ,,4,みず,,,,
394,0,1,ポッタイシ,,4,みず,,,,
394,0,2,ポッタイシ,,4,みず,,,,
395,0,1,エンペルト,,4,みず,はがね,,,
395,0,2,エンペルト,,4,みず,はがね,,,
396,0,1,ムックル,,4,ノーマル,ひこう,,,
396,0,2,ムックル,,4,ノーマル,ひこう,,,
397,0,1,ムクバード,,4,ノーマル,ひこう,,,
397,0,2,ムクバード,,4,ノーマル,ひこう,,,
398,0,1,ムクホーク,,4,ノーマル,ひこう,,,
398,0,2,ムクホーク,,4,ノーマル,ひこう,,,
399,0,1,ビッパ,,4,ノーマル,,,,
399,0,2,ビッパ,,4,ノーマル,,,,
400,0,1,ビーダル,,4,ノーマル,みず,,,
400,0,2,ビーダル,,4,ノーマル,みず,,,
401,0,1,コロボーシ,,4,むし,,,,
401,0,2,コロボーシ,,4,むし,,,,
402,0,1,コロトック,,4,むし,,,,
402,0,2,コロトック,,4,むし,,,,
403,0,1,コリンク,,4,でんき,,,,
403,0,2,コリンク,,4,でんき,,,,
404,0,1,ルクシオ,,4,でんき,,,,
404,0,2,ルクシオ,,4,でんき,,,,
405,0,1,レントラー,,4,でんき,,,,
405,0,2,レントラー,,4,でんき,,,,
406,0,1,スボミー,,4,くさ,どく,,,
406,0,2,スボミー,,4,くさ,どく,,,
407,0,1,ロズレイド,,4,くさ,どく,,,
407,0,2,ロズレイド,,4,くさ,どく,,,
408,0,1,ズガイドス,,4,いわ,,,,
408,0,2,ズガイドス,,4,いわ,,,,
409,0,1,ラムパルド,,4,いわ,,,,
409,0,2,ラムパルド,,4,いわ,,,,
410,0,1,タテトプス,,4,いわ,はがね,,,
410,0,2,タテトプス,,4,いわ,はがね,,,
411,0,1,トリデプス,,4,いわ,はがね,,,
411,0,2,トリデプス,,4,いわ,はがね,,,
412,0,1,ミノムッチ,,4,むし,,,,
412,0,2,ミノムッチ,,4,むし,,,,
413,0,1,ミノマダム,くさきのミノ,4,むし,くさ,,,
413,0,2,ミノマダム,くさきのミノ,4,むし,くさ,,,
414,0,1,ガーメイル,,4,むし,ひこう,,,
414,0,2,ガーメイル,,4,むし,ひこう,,,
415,0,1,ミツハニー,,4,むし,ひこう,,,
415,0,2,ミツハニー,,4,むし,ひこう,,,
416,0,1,ビークイン,,4,むし,ひこう,,,
416,0,2,ビークイン,,4,むし,ひこう,,,
417,0,1,パチリス,,4,でんき,,,,
417,0,2,パチリス,,4,でんき,,,,
418,0,1,ブイゼル,,4,みず,,,,
418,0,2,ブイゼル,,4,みず,,,,
419,0,1,フローゼル,,4,みず,,,,
419,0,2,フローゼル,,4,みず,,,,
420,0,1,チェリンボ,,4,くさ,,,,
420,0,2,チェリンボ,,4,くさ,,,,
421,0,1,チェリム,ネガフォルム,4,くさ,,,,
421,0,2,チェリム,ネガフォルム,4,くさ,,,,
422,0,1,カラナクシ,,4,みず,,,,
422,0,2,カラナクシ,,4,みず,,,,
423,0,1,トリトドン,,4,みず,じめん,,,
423,0,2,トリトドン,,4,みず,じめん,,,
424,0,1,エテボース,,4,ノーマル,,,,
424,0,2,エテボース,,4,ノーマル,,,,
425,0,1,フワンテ,,4,ゴースト,ひこう,,,
425,0,2,フワンテ,,4,ゴースト,ひこう,,,
426,0,1,フワライド,,4,ゴースト,ひこう,,,
426,0,2,フワライド,,4,ゴースト,ひこう,,,
427,0,1,ミミロル,,4,ノーマル,,,,
427,0,2,ミミロル,,4,ノーマル,,,,
428,0,1,ミミロップ,,4,ノーマル,,,,
428,0,2,ミミロップ,,4,ノーマル,,,,
429,0,1,ムウマージ,,4,ゴースト,,,,
429,0,2,ムウマージ,,4,ゴースト,,,,
430,0,1,ドンカラス,,4,あく,ひこう,,,
430,0,2,ドンカラス,,4,あく,ひこう,,,
431,0,1,ニャルマー,,4,ノーマル,,,,
431,0,2,ニャルマー,,4,ノーマル,,,,
432,0,1,ブニャット,,4,ノーマル,,,,
432,0,2,ブニャット,,4,ノーマル,,,,
433,0,1,リーシャン,,4,エスパー,,,,
433,0,2,リーシャン,,4,エスパー,,,,
434,0,1,スカンプー,,4,どく,あく,,,
434,0,2,スカンプー,,4,どく,あく,,,
435,0,1,スカタンク,,4,どく,あく,,,
435,0,2,スカタンク,,4,どく,あく,,,
436,0,1,ドーミラー,,4,はがね,エスパー,,,
436,0,2,ドーミラー,,4,はがね,エスパー,,,
437,0,1,ドータクン,,4,はがね,エスパー,,,
437,0,2,ドータクン,,4,はがね,エスパー,,,
438,0,1,ウソハチ,,4,いわ,,,,
438,0,2,ウソハチ,,4,いわ,,,,
439,0,1,マネネ,,4,エスパー,フェアリー,,,
439,0,2,マネネ,,4,エスパー,フェアリー,,,
440,0,1,ピンプク,,4,ノーマル,,,,
440,0,2,ピンプク,,4,ノーマル,,,,
441,0,1,ペラップ,,4,ノーマル,ひこう,,,
441,0,2,ペラップ,,4,ノーマル,ひこう,,,
442,0,1,ミカルゲ,,4,ゴースト,あく,,,
442,0,2,ミカルゲ,,4,ゴースト,あく,,,
443,0,1,フカマル,,4,ドラゴン,じめん,,,
443,0,2,フカマル,,4,ドラゴン,じめん,,,
444,0,1,ガバイト,,4,ドラゴン,じめん,,,
444,0,2,ガバイト,,4,ドラゴン,じめん,,,
445,0,1,ガブリアス,,4,ドラゴン,じめん,,,
445,0,2,ガブリアス,,4,ドラゴン,じめん,,,
446,0,1,ゴンベ,,4,ノーマル,,,,
446,0,2,ゴンベ,,4,ノーマル,,,,
447,0,1,リオル,,4,かくとう,,,,
447,0,2,リオル,,4,かくとう,,,,
448,0,1,ルカリオ,,4,かくとう,はがね,,,
448,0,2,ルカリオ,,4,かくとう,はがね,,,
449,0,1,ヒポポタス,,4,じめん,,,,
449,0,2,ヒポポタス,,4,じめん,,,,
450,0,1,カバルドン,,4,じめん,,,,
450,0,2,カバルドン,,4,じめん,,,,
451,0,1,スコルピ,,4,どく,むし,,,
451,0,2,スコルピ,,4,どく,むし,,,
452,0,1,ドラピオン,,4,どく,あく,,,
452,0,2,ドラピオン,,4,どく,あく,,,
453,0,1,グレッグル,,4,どく,かくとう,,,
453,0,2,グレッグル,,4,どく,かくとう,,,
454,0,1,ドクロッグ,,4,どく,かくとう,,,
454,0,2,ドクロッグ,,4,どく,かくとう,,,
455,0,1,マスキッパ,,4,くさ,,,,
455,0,2,マスキッパ,,4,くさ,,,,
456,0,1,ケイコウオ,,4,みず,,,,
456,0,2,ケイコウオ,,4,みず,,,,
457,0,1,ネオラント,,4,みず,,,,
457,0,2,ネオラント,,4,みず,,,,
458,0,1,タマンタ,,4,みず,ひこう,,,
458,0,2,タマンタ,,4,みず,ひこう,,,
459,0,1,ユキカブリ,,4,くさ,こおり,,,
459,0,2,ユキカブリ,,4,くさ,こおり,,,
460,0,1,ユキノオー,,4,くさ,こおり,,,
460,0,2,ユキノオー,,4,くさ,こおり,,,
461,0,1,マニューラ,,4,あく,こおり,,,
461,0,2,マニューラ,,4,あく,こおり,,,
462,0,1,ジバコイル,,4,でんき,はがね,,,
462,0,2,ジバコイル,,4,でんき,はがね,,,
463,0,1,ベロベルト,,4,ノーマル,,,,
463,0,2,ベロベルト,,4,ノーマル,,,,
464,0,1,ドサイドン,,4,じめん,いわ,,,
464,0,2,ドサイドン,,4,じめん,いわ,,,
465,0,1,モジャンボ,,4,くさ,,,,
465,0,2,モジャンボ,,4,くさ,,,,
466,0,1,エレキブル,,4,でんき,,,,
466,0,2,エレキブル,,4,でんき,,,,
467,0,1,ブーバーン,,4,ほのお,,,,
467,0,2,ブーバーン,,4,ほのお,,,,
468,0,1,トゲキッス,,4,フェアリー,ひこう,,,
468,0,2,トゲキッス,,4,フェアリー,ひこう,,,
469,0,1,メガヤンマ,,4,むし,ひこう,,,
469,0,2,メガヤンマ,,4,むし,ひこう,,,
470,0,1,リーフィア,,4,くさ,,,,
470,0,2,リーフィア,,4,くさ,,,,
471,0,1,グレイシア,,4,こおり,,,,
471,0,2,グレイシア,,4,こおり,,,,
472,0,1,グライオン,,4,じめん,ひこう,,,
472,0,2,グライオン,,4,じめん,ひこう,,,
473,0,1,マンムー,,4,こおり,じめん,,,
473,0,2,マンムー,,4,こおり,じめん,,,
474,0,1,ポリゴンZ,,4,ノーマル,,,,
474,0,2,ポリゴンZ,,4,ノーマル,,,,
475,0,1,エルレイド,,4,エスパー,かくとう,,,
475,0,2,エルレイド,,4,エスパー,かくとう,,,
476,0,1,ダイノーズ,,4,いわ,はがね,,,
476,0,2,ダイノーズ,,4,いわ,はがね,,,
477,0,1,ヨノワール,,4,ゴースト,,,,
477,0,2,ヨノワール,,4,ゴースト,,,,
478,0,1,ユキメノコ,,4,こおり,ゴースト,,,
478,0,2,ユキメノコ,,4,こおり,ゴースト,,,
479,0,1,ロトム,,4,でんき,ゴースト,,,
479,0,2,ロトム,,4,でんき,ゴースト,,,
480,0,1,ユクシー,,4,エスパー,,,,
480,0,2,ユクシー,,4,エスパー,,,,
481,0,1,エムリット,,4,エスパー,,,,
481,0,2,エムリット,,4,エスパー,,,,
482,0,1,アグノム,,4,エスパー,,,,
482,0,2,アグノム,,4,エスパー,,,,
483,0,1,ディアルガ,,4,はがね,ドラゴン,,,
483,0,2,ディアルガ,,4,はがね,ドラゴン,,,
484,0,1,パルキア,,4,みず,ドラゴン,,,
484,0,2,パルキア,,4,みず,ドラゴン,,,
485,0,1,ヒードラン,,4,ほのお,はがね,,,
485,0,2,ヒードラン,,4,ほのお,はがね,,,
486,0,1,レジギガス,,4,ノーマル,,,,
486,0,2,レジギガス,,4,ノーマル,,,,
487,0,1,ギラティナ,アナザーフォルム,4,ゴースト,ドラゴン,,,
487,0,2,ギラティナ,アナザーフォルム,4,ゴースト,ドラゴン,,,
488,0,1,クレセリア,,4,エスパー,,,,
488,0,2,クレセリア,,4,エスパー,,,,
489,0,1,フィオネ,,4,みず,,,,
489,0,2,フィオネ,,4,みず,,,,
490,0,1,マナフィ,,4,みず,,,,
490,0,2,マナフィ,,4,みず,,,,
491,0,1,ダークライ,,4,あく,,,,
491,0,2,ダークライ,,4,あく,,,,
492,1,1,シェイミ,ランドフォルム,4,くさ,,,,
492,1,2,シェイミ,ランドフォルム,4,くさ,,,,
492,2,1,シェイミ,スカイフォルム,4,くさ,ひこう,,,
492,2,2,シェイミ,スカイフォルム,4,くさ,ひこう,,,
493,0,1,アルセウス,,4,ノーマル,,,,
493,0,2,アルセウス,,4,ノーマル,,,,
494,0,1,ビクティニ,,5,エスパー,ほのお,,,
494,0,2,ビクティニ,,5,エスパー,ほのお,,,
495,0,1,ツタージャ,,5,くさ,,,,
495,0,2,ツタージャ,,5,くさ,,,,
496,0,1,ジャノビー,,5,くさ,,,,
496,0,2,ジャノビー,,5,くさ,,,,
497,0,1,ジャローダ,,5,くさ,,,,
497,0,2,ジャローダ,,5,くさ,,,,
498,0,1,ポカブ,,5,ほのお,,,,
498,0,2,ポカブ,,5,ほのお,,,,
499,0,1,チャオブー,,5,ほのお,かくとう,,,
499,0,2,チャオブー,,5,ほのお,かくとう,,,
500,0,1,エンブオー,,5,ほのお,かくとう,,,
500,0,2,エンブオー,,5,ほのお,かくとう,,,
501,0,1,ミジュマル,,5,みず,,,,
501,0,2,ミジュマル,,5,みず,,,,
502,0,1,フタチマル,,5,みず,,,,
502,0,2,フタチマル,,5,みず,,,,
503,0,1,ダイケンキ,,5,みず,,,,
503,0,2,ダイケンキ,,5,みず,,,,
504,0,1,ミネズミ,,5,ノーマル,,,,
504,0,2,ミネズミ,,5,ノーマル,,,,
505,0,1,ミルホッグ,,5,ノーマル,,,,
505,0,2,ミルホッグ,,5,ノーマル,,,,
506,0,1,ヨーテリー,,5,ノーマル,,,,
506,0,2,ヨーテリー,,5,ノーマル,,,,
507,0,1,ハーデリア,,5,ノーマル,,,,
507,0,2,ハーデリア,,5,ノーマル,,,,
508,0,1,ムーランド,,5,ノーマル,,,,
508,0,2,ムーランド,,5,ノーマル,,,,
509,0,1,チョロネコ,,5,あく,,,,
509,0,2,チョロネコ,,5,あく,,,,
510,0,1,レパルダス,,5,あく,,,,
510,0,2,レパルダス,,5,あく,,,,
511,0,1,ヤナップ,,5,くさ,,,,
511,0,2,ヤナップ,,5,くさ,,,,
512,0,1,ヤナッキー,,5,くさ,,,,
512,0,2,ヤナッキー,,5,くさ,,,,
513,0,1,バオップ,,5,ほのお,,,,
513,0,2,バオップ,,5,ほのお,,,,
514,0,1,バオッキー,,5,ほのお,,,,
514,0,2,バオッキー,,5,ほのお,,,,
515,0,1,ヒヤップ,,5,みず,,,,
515,0,2,ヒヤップ,,5,みず,,,,
516,0,1,ヒヤッキー,,5,みず,,,,
516,0,2,ヒヤッキー,,5,みず,,,,
517,0,1,ムンナ,,5,エスパー,,,,
517,0,2,ムンナ,,5,エスパー,,,,
518,0,1,ムシャーナ,,5,エスパー,,,,
518,0,2,ムシャーナ,,5,エスパー,,,,
519,0,1,マメパト,,5,ノーマル,ひこう,,,
519,0,2,マメパト,,5,ノーマル,ひこう,,,
520,0,1,ハトーボー,,5,ノーマル,ひこう,,,
520,0,2,ハトーボー,,5,ノーマル,ひこう,,,
521,0,1,ケンホロウ,,5,ノーマル,ひこう,,,
521,0,2,ケンホロウ,,5,ノーマル,ひこう,,,
522,0,1,シママ,,5,でんき,,,,
522,0,2,シママ,,5,でんき,,,,
523,0,1,ゼブライカ,,5,でんき,,,,
523,0,2,ゼブライカ,,5,でんき,,,,
524,0,1,ダンゴロ,,5,いわ,,,,
524,0,2,ダンゴロ,,5,いわ,,,,
525,0,1,ガントル,,5,いわ,,,,
525,0,2,ガントル,,5,いわ,,,,
526,0,1,ギガイアス,,5,いわ,,,,
526,0,2,ギガイアス,,5,いわ,,,,
527,0,1,コロモリ,,5,エスパー,ひこう,,,
527,0,2,コロモリ,,5,エスパー,ひこう,,,
528,0,1,ココロモリ,,5,エスパー,ひこう,,,
528,0,2,ココロモリ,,5,エスパー,ひこう,,,
529,0,1,モグリュー,,5,じめん,,,,
529,0,2,モグリュー,,5,じめん,,,,
530,0,1,ドリュウズ,,5,じめん,はがね,,,
530,0,2,ドリュウズ,,5,じめん,はがね,,,
531,0,1,タブンネ,,5,ノーマル,,,,
531,0,2,タブンネ,,5,ノーマル,,,,
532,0,1,ドッコラー,,5,かくとう,,,,
532,0,2,ドッコラー,,5,かくとう,,,,
533,0,1,ドテッコツ,,5,かくとう,,,,
533,0,2,ドテッコツ,,5,かくとう,,,,
534,0,1,ローブシン,,5,かくとう,,,,
534,0,2,ローブシン,,5,かくとう,,,,
535,0,1,オタマロ,,5,みず,,,,
535,0,2,オタマロ,,5,みず,,,,
536,0,1,ガマガル,,5,みず,じめん,,,
536,0,2,ガマガル,,5,みず,じめん,,,
537,0,1,ガマゲロゲ,,5,みず,じめん,,,
537,0,2,ガマゲロゲ,,5,みず,じめん,,,
538,0,1,ナゲキ,,5,かくとう,,,,
538,0,2,ナゲキ,,5,かくとう,,,,
539,0,1,ダゲキ,,5,かくとう,,,,
539,0,2,ダゲキ,,5,かくとう,,,,
540,0,1,クルミル,,5,むし,くさ,,,
540,0,2,クルミル,,5,むし,くさ,,,
541,0,1,クルマユ,,5,むし,くさ,,,
541,0,2,クルマユ,,5,むし,くさ,,,
542,0,1,ハハコモリ,,5,むし,くさ,,,
542,0,2,ハハコモリ,,5,むし,くさ,,,
543,0,1,フシデ,,5,むし,どく,,,
543,0,2,フシデ,,5,むし,どく,,,
544,0,1,ホイーガ,,5,むし,どく,,,
544,0,2,ホイーガ,,5,むし,どく,,,
545,0,1,ペンドラー,,5,むし,どく,,,
545,0,2,ペンドラー,,5,むし,どく,,,
546,0,1,モンメン,,5,くさ,フェアリー,,,
546,0,2,モンメン,,5,くさ,フェアリー,,,
547,0,1,エルフーン,,5,くさ,フェアリー,,,
547,0,2,エルフーン,,5,くさ,フェアリー,,,
548,0,1,チュリネ,,5,くさ,,,,
548,0,2,チュリネ,,5,くさ,,,,
549,0,1,ドレディア,,5,くさ,,,,
549,0,2,ドレディア,,5,くさ,,,,
550,0,1,バスラオ,あかすじのすがた,5,みず,,,,
550,0,2,バスラオ,あかすじのすがた,5,みず,,,,
551,0,1,メグロコ,,5,じめん,あく,,,
551,0,2,メグロコ,,5,じめん,あく,,,
552,0,1,ワルビル,,5,じめん,あく,,,
552,0,2,ワルビル,,5,じめん,あく,,,
553,0,1,ワルビアル,,5,じめん,あく,,,
553,0,2,ワルビアル,,5,じめん,あく,,,
554,0,1,ダルマッカ,,5,ほのお,,,,
554,0,2,ダルマッカ,,5,ほのお,,,,
555,0,1,ヒヒダルマ,,5,ほのお,,,,
555,0,2,ヒヒダルマ,,5,ほのお,,,,
556,0,1,マラカッチ,,5,くさ,,,,
556,0,2,マラカッチ,,5,くさ,,,,
557,0,1,イシズマイ,,5,むし,いわ,,,
557,0,2,イシズマイ,,5,むし,いわ,,,
558,0,1,イワパレス,,5,むし,いわ,,,
558,0,2,イワパレス,,5,むし,いわ,,,
559,0,1,ズルッグ,,5,あく,かくとう,,,
559,0,2,ズルッグ,,5,あく,かくとう,,,
560,0,1,ズルズキン,,5,あく,かくとう,,,
560,0,2,ズルズキン,,5,あく,かくとう,,,
561,0,1,シンボラー,,5,エスパー,ひこう,,,
561,0,2,シンボラー,,5,エスパー,ひこう,,,
562,0,1,デスマス,,5,ゴースト,,,,
562,0,2,デスマス,,5,ゴースト,,,,
563,0,1,デスカーン,,5,ゴースト,,,,
563,0,2,デスカーン,,5,ゴースト,,,,
564,0,1,プロトーガ,,5,みず,いわ,,,
564,0,2,プロトーガ,,5,みず,いわ,,,
565,0,1,アバゴーラ,,5,みず,いわ,,,
565,0,2,アバゴーラ,,5,みず,いわ,,,
566,0,1,アーケン,,5,いわ,ひこう,,,
566,0,2,アーケン,,5,いわ,ひこう,,,
567,0,1,アーケオス,,5,いわ,ひこう,,,
567,0,2,アーケオス,,5,いわ,ひこう,,,
568,0,1,ヤブクロン,,5,どく,,,,
568,0,2,ヤブクロン,,5,どく,,,,
569,0,1,ダストダス,,5,どく,,,,
569,0,2,ダストダス,,5,どく,,,,
570,0,1,ゾロア,,5,あく,,,,
570,0,2,ゾロア,,5,あく,,,,
571,0,1,ゾロアーク,,5,あく,,,,
571,0,2,ゾロアーク,,5,あく,,,,
572,0,1,チラーミィ,,5,ノーマル,,,,
572,0,2,チラーミィ,,5,ノーマル,,,,
573,0,1,チラチーノ,,5,ノーマル,,,,
573,0,2,チラチーノ,,5,ノーマル,,,,
574,0,1,ゴチム,,5,エスパー,,,,
574,0,2,ゴチム,,5,エスパー,,,,
575,0,1,ゴチミル,,5,エスパー,,,,
575,0,2,ゴチミル,,5,エスパー,,,,
576,0,1,ゴチルゼル,,5,エスパー,,,,
576,0,2,ゴチルゼル,,5,エスパー,,,,
577,0,1,ユニラン,,5,エスパー,,,,
577,0,2,ユニラン,,5,エスパー,,,,
578,0,1,ダブラン,,5,エスパー,,,,
578,0,2,ダブラン,,5,エスパー,,,,
579,0,1,ランクルス,,5,エスパー,,,,
579,0,2,ランクルス,,5,エスパー,,,,
580,0,1,コアルヒー,,5,みず,ひこう,,,
580,0,2,コアルヒー,,5,みず,ひこう,,,
581,0,1,スワンナ,,5,みず,ひこう,,,
581,0,2,スワンナ,,5,みず,ひこう,,,
582,0,1,バニプッチ,,5,こおり,,,,
582,0,2,バニプッチ,,5,こおり,,,,
583,0,1,バニリッチ,,5,こおり,,,,
583,0,2,バニリッチ,,5,こおり,,,,
584,0,1,バイバニラ,,5,こおり,,,,
584,0,2,バイバニラ,,5,こおり,,,,
585,0,1,シキジカ,はるのすがた,5,ノーマル,くさ,,,
585,0,2,シキジカ,はるのすがた,5,ノーマル,くさ,,,
586,0,1,メブキジカ,はるのすがた,5,ノーマル,くさ,,,
586,0,2,メブキジカ,はるのすがた,5,ノーマル,くさ,,,
587,0,1,エモンガ,,5,でんき,ひこう,,,
587,0,2,エモンガ,,5,でんき,ひこう,,,
588,0,1,カブルモ,,5,むし,,,,
588,0,2,カブルモ,,5,むし,,,,
589,0,1,シュバルゴ,,5,むし,はがね,,,
589,0,2,シュバルゴ,,5,むし,はがね,,,
590,0,1,タマゲタケ,,5,くさ,どく,,,
590,0,2,タマゲタケ,,5,くさ,どく,,,
591,0,1,モロバレル,,5,くさ,どく,,,
591,0,2,モロバレル,,5,くさ,どく,,,
592,0,1,プルリル,,5,みず,ゴースト,,,
592,0,2,プルリル,,5,みず,ゴースト,,,
593,0,1,ブルンゲル,,5,みず,ゴースト,,,
593,0,2,ブルンゲル,,5,みず,ゴースト,,,
594,0,1,ママンボウ,,5,みず,,,,
594,0,2,ママンボウ,,5,みず,,,,
595,0,1,バチュル,,5,むし,でんき,,,
595,0,2,バチュル,,5,むし,でんき,,,
596,0,1,デンチュラ,,5,むし,でんき,,,
596,0,2,デンチュラ,,5,むし,でんき,,,
597,0,1,テッシード,,5,くさ,はがね,,,
597,0,2,テッシード,,5,くさ,はがね,,,
598,0,1,ナットレイ,,5,くさ,はがね,,,
598,0,2,ナットレイ,,5,くさ,はがね,,,
599,0,1,ギアル,,5,はがね,,,,
599,0,2,ギアル,,5,はがね,,,,
600,0,1,ギギアル,,5,はがね,,,,
600,0,2,ギギアル,,5,はがね,,,,
601,0,1,ギギギアル,,5,はがね,,,,
601,0,2,ギギギアル,,5,はがね,,,,
602,0,1,シビシラス,,5,でんき,,,,
602,0,2,シビシラス,,5,でんき,,,,
603,0,1,シビビール,,5,でんき,,,,
603,0,2,シビビール,,5,でんき,,,,
604,0,1,シビルドン,,5,でんき,,,,
604,0,2,シビルドン,,5,でんき,,,,
605,0,1,リグレー,,5,エスパー,,,,
605,0,2,リグレー,,5,エスパー,,,,
606,0,1,オーベム,,5,エスパー,,,,
606,0,2,オーベム,,5,エスパー,,,,
607,0,1,ヒトモシ,,5,ゴースト,ほのお,,,
607,0,2,ヒトモシ,,5,ゴースト,ほのお,,,
608,0,1,ランプラー,,5,ゴースト,ほのお,,,
608,0,2,ランプラー,,5,ゴースト,ほのお,,,
609,0,1,シャンデラ,,5,ゴースト,ほのお,,,
609,0,2,シャンデラ,,5,ゴースト,ほのお,,,
610,0,1,キバゴ,,5,ドラゴン,,,,
610,0,2,キバゴ,,5,ドラゴン,,,,
611,0,1,オノンド,,5,ドラゴン,,,,
611,0,2,オノンド,,5,ドラゴン,,,,
612,0,1,オノノクス,,5,ドラゴン,,,,
612,0,2,オノノクス,,5,ドラゴン,,,,
613,0,1,クマシュン,,5,こおり,,,,
613,0,2,クマシュン,,5,こおり,,,,
614,0,1,ツンベアー,,5,こおり,,,,
614,0,2,ツンベアー,,5,こおり,,,,
615,0,1,フリージオ,,5,こおり,,,,
615,0,2,フリージオ,,5,こおり,,,,
616,0,1,チョボマキ,,5,むし,,,,
616,0,2,チョボマキ,,5,むし,,,,
617,0,1,アギルダー,,5,むし,,,,
617,0,2,アギルダー,,5,むし,,,,
618,0,1,マッギョ,,5,じめん,でんき,,,
618,0,2,マッギョ,,5,じめん,でんき,,,
619,0,1,コジョフー,,5,かくとう,,,,
619,0,2,コジョフー,,5,かくとう,,,,
620,0,1,コジョンド,,5,かくとう,,,,
620,0,2,コジョンド,,5,かくとう,,,,
621,0,1,クリムガン,,5,ドラゴン,,,,
621,0,2,クリムガン,,5,ドラゴン,,,,
622,0,1,ゴビット,,5,じめん,ゴースト,,,
622,0,2,ゴビット,,5,じめん,ゴースト,,,
623,0,1,ゴルーグ,,5,じめん,ゴースト,,,
623,0,2,ゴルーグ,,5,じめん,ゴースト,,,
624,0,1,コマタナ,,5,あく,はがね,,,
624,0,2,コマタナ,,5,あく,はがね,,,
625,0,1,キリキザン,,5,あく,はがね,,,
625,0,2,キリキザン,,5,あく,はがね,,,
626,0,1,バッフロン,,5,ノーマル,,,,
626,0,2,バッフロン,,5,ノーマル,,,,
627,0,1,ワシボン,,5,ノーマル,ひこう,,,
627,0,2,ワシボン,,5,ノーマル,ひこう,,,
628,0,1,ウォーグル,,5,ノーマル,ひこう,,,
628,0,2,ウォーグル,,5,ノーマル,ひこう,,,
629,0,1,バルチャイ,,5,あく,ひこう,,,
629,0,2,バルチャイ,,5,あく,ひこう,,,
630,0,1,バルジーナ,,5,あく,ひこう,,,
630,0,2,バルジーナ,,5,あく,ひこう,,,
631,0,1,クイタラン,,5,ほのお,,,,
631,0,2,クイタラン,,5,ほのお,,,,
632,0,1,アイアント,,5,むし,はがね,,,
632,0,2,アイアント,,5,むし,はがね,,,
633,0,1,モノズ,,5,あく,ドラゴン,,,
633,0,2,モノズ,,5,あく,ドラゴン,,,
634,0,1,ジヘッド,,5,あく,ドラゴン,,,
634,0,2,ジヘッド,,5,あく,ドラゴン,,,
635,0,1,サザンドラ,,5,あく,ドラゴン,,,
635,0,2,サザンドラ,,5,あく,ドラゴン,,,
636,0,1,メラルバ,,5,むし,ほのお,,,
636,0,2,メラルバ,,5,むし,ほのお,,,
637,0,1,ウルガモス,,5,むし,ほのお,,,
637,0,2,ウルガモス,,5,むし,ほのお,,,
638,0,1,コバルオン,,5,はがね,かくとう,,,
638,0,2,コバルオン,,5,はがね,かくとう,,,
639,0,1,テラキオン,,5,いわ,かくとう,,,
639,0,2,テラキオン,,5,いわ,かくとう,,,
640,0,1,ビリジオン,,5,くさ,かくとう,,,
640,0,2,ビリジオン,,5,くさ,かくとう,,,
641,1,1,トルネロス,けしんフォルム,5,ひこう,,,,
641,1,2,トルネロス,けしんフォルム,5,ひこう,,,,
641,2,1,トルネロス,れいじゅうフォルム,5,ひこう,,,,
641,2,2,トルネロス,れいじゅうフォルム,5,ひこう,,,,
642,1,1,ボルトロス,けしんフォルム,5,でんき,ひこう,,,
642,1,2,ボルトロス,けしんフォルム,5,でんき,ひこう,,,
642,2,1,ボルトロス,れいじゅうフォルム,5,でんき,ひこう,,,
642,2,2,ボルトロス,れいじゅうフォルム,5,でんき,ひこう,,,
643,0,1,レシラム,,5,ドラゴン,ほのお,,,
643,0,2,レシラム,,5,ドラゴン,ほのお,,,
644,0,1,ゼクロム,,5,ドラゴン,でんき,,,
644,0,2,ゼクロム,,5,ドラゴン,でんき,,,
645,1,1,ランドロス,けしんフォルム,5,じめん,ひこう,,,
645,1,2,ランドロス,けしんフォルム,5,じめん,ひこう,,,
645,2,1,ランドロス,れいじゅうフォルム,5,じめん,ひこう,,,
645,2,2,ランドロス,れいじゅうフォルム,5,じめん,ひこう,,,
646,0,1,キュレム,,5,ドラゴン,こおり,,,
646,0,2,キュレム,,5,ドラゴン,こおり,,,
647,0,1,ケルディオ,いつものすがた,5,みず,かくとう,,,
647,0,2,ケルディオ,いつものすがた,5,みず,かくとう,,,
648,0,1,メロエッタ,ボイスフォルム,5,ノーマル,エスパー,,,
648,0,2,メロエッタ,ボイスフォルム,5,ノーマル,エスパー,,,
649,0,1,ゲノセクト,,5,むし,はがね,,,
649,0,2,ゲノセクト,,5,むし,はがね,,,
650,0,0,ハリマロン,,6,くさ,,,,
651,0,0,ハリボーグ,,6,くさ,,,,
652,0,0,グリガロン,,6,くさ,かくとう,,,
653,0,0,フォッコ,,6,ほのお,,,,
654,0,0,テールナー,,6,ほのお,,,,
655,0,0,マフォクシー,,6,ほのお,エスパー,,,
656,0,0,ケロマツ,,6,みず,,,,
657,0,0,ゲコガシラ,,6,みず,,,,
658,0,0,ゲッコウガ,,6,みず,あく,,,
659,0,0,ホルビー,,6,ノーマル,,,,
660,0,0,ホルード,,6,ノーマル,じめん,,,
661,0,0,ヤヤコマ,,6,ノーマル,ひこう,,,
662,0,0,ヒノヤコマ,,6,ほのお,ひこう,,,
663,0,0,ファイアロー,,6,ほのお,ひこう,,,
664,0,0,コフキムシ,,6,むし,,,,
665,0,0,コフーライ,,6,むし,,,,
666,0,0,ビビヨン,,6,むし,ひこう,,,
667,0,0,シシコ,,6,ほのお,ノーマル,,,
668,0,0,カエンジシ,,6,ほのお,ノーマル,,,
669,0,0,フラベベ,,6,フェアリー,,,,
670,1,0,フラエッテ,,6,フェアリー,,,,
670,2,0,フラエッテ,えいえんのはな,6,フェアリー,,,,
671,0,0,フラージェス,,6,フェアリー,,,,
672,0,0,メェークル,,6,くさ,,,,
673,0,0,ゴーゴート,,6,くさ,,,,
674,0,0,ヤンチャム,,6,かくとう,,,,
675,0,0,ゴロンダ,,6,かくとう,あく,,,
676,0,0,トリミアン,,6,ノーマル,,,,
677,0,0,ニャスパー,,6,エスパー,,,,
678,0,0,ニャオニクス,,6,エスパー,,,,
679,0,0,ヒトツキ,,6,はがね,ゴースト,,,
680,0,0,ニダンギル,,6,はがね,ゴースト,,,
681,0,0,ギルガルド,シールドフォルム,6,はがね,ゴースト,,,
682,0,0,シュシュプ,,6,フェアリー,,,,
683,0,0,フレフワン,,6,フェアリー,,,,
684,0,0,ペロッパフ,,6,フェアリー,,,,
685,0,0,ペロリーム,,6,フェアリー,,,,
686,0,0,マーイーカ,,6,あく,エスパー,,,
687,0,0,カラマネロ,,6,あく,エスパー,,,
688,0,0,カメテテ,,6,いわ,みず,,,
689,0,0,ガメノデス,,6,いわ,みず,,,
690,0,0,クズモー,,6,どく,みず,,,
691,0,0,ドラミドロ,,6,どく,ドラゴン,,,
692,0,0,ウデッポウ,,6,みず,,,,
693,0,0,ブロスター,,6,みず,,,,
694,0,0,エリキテル,,6,でんき,ノーマル,,,
695,0,0,エレザード,,6,でんき,ノーマル,,,
696,0,0,チゴラス,,6,いわ,ドラゴン,,,
697,0,0,ガチゴラス,,6,いわ,ドラゴン,,,
698,0,0,アマルス,,6,いわ,こおり,,,
699,0,0,アマルルガ,,6,いわ,こおり,,,
700,0,0,ニンフィア,,6,フェアリー,,,,
701,0,0,ルチャブル,,6,かくとう,ひこう,,,
702,0,0,デデンネ,,6,でんき,フェアリー,,,
703,0,0,メレシー,,6,いわ,フェアリー,,,
704,0,0,ヌメラ,,6,ドラゴン,,,,
705,0,0,ヌメイル,,6,ドラゴン,,,,
706,0,0,ヌメルゴン,,6,ドラゴン,,,,
707,0,0,クレッフィ,,6,はがね,フェアリー,,,
708,0,0,ボクレー,,6,ゴースト,くさ,,,
709,0,0,オーロット,,6,ゴースト,くさ,,,
710,1,0,バケッチャ,ふつうのサイズ,6,ゴースト,くさ,,,
710,2,0,バケッチャ,とくだいサイズ,6,ゴースト,くさ,,,
711,1,0,パンプジン,ふつうのサイズ,6,ゴースト,くさ,,,
711,2,0,パンプジン,とくだいサイズ,6,ゴースト,くさ,,,
712,0,0,カチコール,,6,こおり,,,,
713,0,0,クレベース,,6,こおり,,,,
714,0,0,オンバット,,6,ひこう,ドラゴン,,,
715,0,0,オンバーン,,6,ひこう,ドラゴン,,,
716,0,0,ゼルネアス,,6,フェアリー,,,,
717,0,0,イベルタル,,6,あく,ひこう,,,
718,1,0,ジガルデ,10%フォルム,6,ドラゴン,じめん,,,
718,2,0,ジガルデ,50%フォルム,6,ドラゴン,じめん,,,
718,3,0,ジガルデ,パーフェクトフォルム,6,ドラゴン,じめん,,,
719,0,0,ディアンシー,,6,いわ,フェアリー,,,
720,1,0,フーパ,いましめられしフーパ,6,エスパー,ゴースト,,,
720,2,0,フーパ,ときはなたれしフーパ,6,エスパー,あく,,,
721,0,0,ボルケニオン,,6,ほのお,みず,,,
722,0,0,モクロー,,7,くさ,ひこう,,,
723,0,0,フクスロー,,7,くさ,ひこう,,,
724,0,0,ジュナイパー,,7,くさ,ゴースト,,,
725,0,0,ニャビー,,7,ほのお,,,,
726,0,0,ニャヒート,,7,ほのお,,,,
727,0,0,ガオガエン,,7,ほのお,あく,,,
728,0,0,アシマリ,,7,みず,,,,
729,0,0,オシャマリ,,7,みず,,,,
730,0,0,アシレーヌ,,7,みず,フェアリー,,,
731,0,0,ツツケラ,,7,ノーマル,ひこう,,,
732,0,0,ケララッパ,,7,ノーマル,ひこう,,,
733,0,0,ドデカバシ,,7,ノーマル,ひこう,,,
734,0,0,ヤングース,,7,ノーマル,,,,
735,0,0,デカグース,,7,ノーマル,,,,
736,0,0,アゴジムシ,,7,むし,,,,
737,0,0,デンヂムシ,,7,むし,でんき,,,
738,0,0,クワガノン,,7,むし,でんき,,,
739,0,0,マケンカニ,,7,かくとう,,,,
740,0,0,ケケンカニ,,7,かくとう,こおり,,,
741,1,0,オドリドリ,めらめらスタイル,7,ほのお,ひこう,,,
741,2,0,オドリドリ,ぱちぱちスタイル,7,でんき,ひこう,,,
741,3,0,オドリドリ,ふらふらスタイル,7,エスパー,ひこう,,,
741,4,0,オドリドリ,まいまいスタイル,7,ゴースト,ひこう,,,
742,0,0,アブリー,,7,むし,フェアリー,,,
743,0,0,アブリボン,,7,むし,フェアリー,,,
744,0,0,イワンコ,,7,いわ,,,,
745,1,0,ルガルガン,まひるのすがた,7,いわ,,,,
745,2,0,ルガルガン,まよなかのすがた,7,いわ,,,,
745,3,0,ルガルガン,たそがれのすがた,7,いわ,,,,
746,1,0,ヨワシ,たんどくのすがた,7,みず,,,,
746,2,0,ヨワシ,むれたすがた,7,みず,,,,
747,0,0,ヒドイデ,,7,どく,みず,,,
748,0,0,ドヒドイデ,,7,どく,みず,,,
749,0,0,ドロバンコ,,7,じめん,,,,
750,0,0,バンバドロ,,7,じめん,,,,
751,0,0,シズクモ,,7,みず,むし,,,
752,0,0,オニシズクモ,,7,みず,むし,,,
753,0,0,カリキリ,,7,くさ,,,,
754,0,0,ラランテス,,7,くさ,,,,
755,0,0,ネマシュ,,7,くさ,フェアリー,,,
756,0,0,マシェード,,7,くさ,フェアリー,,,
757,0,0,ヤトウモリ,,7,どく,ほのお,,,
758,0,0,エンニュート,,7,どく,ほのお,,,
759,0,0,ヌイコグマ,,7,ノーマル,かくとう,,,
760,0,0,キテルグマ,,7,ノーマル,かくとう,,,
761,0,0,アマカジ,,7,くさ,,,,
762,0,0,アママイコ,,7,くさ,,,,
763,0,0,アマージョ,,7,くさ,,,,
764,0,0,キュワワー,,7,フェアリー,,,,
765,0,0,ヤレユータン,,7,ノーマル,エスパー,,,
766,0,0,ナゲツケザル,,7,かくとう,,,,
767,0,0,コソクムシ,,7,むし,みず,,,
768,0,0,グソクムシャ,,7,むし,みず,,,
769,0,0,スナバァ,,7,ゴースト,じめん,,,
770,0,0,シロデスナ,,7,ゴースト,じめん,,,
771,0,0,ナマコブシ,,7,みず,,,,
772,0,0,タイプ:ヌル,,7,ノーマル,,,,
773,0,0,シルヴァディ,,7,ノーマル,,,,
774,0,0,メテノ,コアのすがた,7,いわ,ひこう,,,
775,0,0,ネッコアラ,,7,ノーマル,,,,
776,0,0,バクガメス,,7,ほのお,ドラゴン,,,
777,0,0,トゲデマル,,7,でんき,はがね,,,
778,0,0,ミミッキュ,ばけたすがた,7,ゴースト,フェアリー,,,
779,0,0,ハギギシリ,,7,みず,エスパー,,,
780,0,0,ジジーロン,,7,ノーマル,ドラゴン,,,
781,0,0,ダダリン,,7,ゴースト,くさ,,,
782,0,0,ジャラコ,,7,ドラゴン,,,,
783,0,0,ジャランゴ,,7,ドラゴン,かくとう,,,
784,0,0,ジャラランガ,,7,ドラゴン,かくとう,,,
785,0,0,カプ・コケコ,,7,でんき,フェアリー,,,
786,0,0,カプ・テテフ,,7,エスパー,フェアリー,,,
787,0,0,カプ・ブルル,,7,くさ,フェアリー,,,
788,0,0,カプ・レヒレ,,7,みず,フェアリー,,,
789,0,0,コスモッグ,,7,エスパー,,,,
790,0,0,コスモウム,,7,エスパー,,,,
791,0,0,ソルガレオ,,7,エスパー,はがね,,,
792,0,0,ルナアーラ,,7,エスパー,ゴースト,,,
793,0,0,ウツロイド,,7,いわ,どく,,,
794,0,0,マッシブーン,,7,むし,かくとう,,,
795,0,0,フェローチェ,,7,むし,かくとう,,,
796,0,0,デンジュモク,,7,でんき,,,,
797,0,0,テッカグヤ,,7,はがね,ひこう,,,
798,0,0,カミツルギ,,7,くさ,はがね,,,
799,0,0,アクジキング,,7,あく,ドラゴン,,,
800,1,0,ネクロズマ,,7,エスパー,,,,
800,2,0,ネクロズマ,たそがれのたてがみ,7,エスパー,はがね,,,
800,3,0,ネクロズマ,あかつきのつばさ,7,エスパー,ゴースト,,,
800,4,0,ネクロズマ,ウルトラネクロズマ,7,エスパー,ドラゴン,,,
801,0,0,マギアナ,,7,はがね,フェアリー,,,
802,0,0,マーシャドー,,7,かくとう,ゴースト,,,
803,0,0,ベベノム,,7,どく,,,,
804,0,0,アーゴヨン,,7,どく,ドラゴン,,,
805,0,0,ツンデツンデ,,7,いわ,はがね,,,
806,0,0,ズガドーン,,7,ほのお,ゴースト,,,
807,0,0,ゼラオラ,,7,でんき,,,,
808,0,0,メルタン,,8,はがね,,,,
809,0,0,メルメタル,,8,はがね,,,,
810,0,0,サルノリ,,9,くさ,,,,
811,0,0,バチンキー,,9,くさ,,,,
812,0,0,ゴリランダー,,9,くさ,,,,
813,0,0,ヒバニー,,9,ほのお,,,,
814,0,0,ラビフット,,9,ほのお,,,,
815,0,0,エースバーン,,9,ほのお,,,,
816,0,0,メッソン,,9,みず,,,,
817,0,0,ジメレオン,,9,みず,,,,
818,0,0,インテレオン,,9,みず,,,,
819,0,0,ホシガリス,,9,ノーマル,,,,
820,0,0,ヨクバリス,,9,ノーマル,,,,
821,0,0,ココガラ,,9,ひこう,,,,
822,0,0,アオガラス,,9,ひこう,,,,
823,0,0,アーマーガア,,9,ひこう,はがね,,,
824,0,0,サッチムシ,,9,むし,,,,
825,0,0,レドームシ,,9,むし,エスパー,,,
826,0,0,イオルブ,,9,むし,エスパー,,,
827,0,0,クスネ,,9,あく,,,,
828,0,0,フォクスライ,,9,あく,,,,
829,0,0,ヒメンカ,,9,くさ,,,,
830,0,0,ワタシラガ,,9,くさ,,,,
831,0,0,ウールー,,9,ノーマル,,,,
832,0,0,バイウールー,,9,ノーマル,,,,
833,0,0,カムカメ,,9,みず,,,,
834,0,0,カジリガメ,,9,みず,いわ,,,
835,0,0,ワンパチ,,9,でんき,,,,
836,0,0,パルスワン,,9,でんき,,,,
837,0,0,タンドン,,9,いわ,,,,
838,0,0,トロッゴン,,9,いわ,ほのお,,,
839,0,0,セキタンザン,,9,いわ,ほのお,,,
840,0,0,カジッチュ,,9,くさ,ドラゴン,,,
841,0,0,アップリュー,,9,くさ,ドラゴン,,,
842,0,0,タルップル,,9,くさ,ドラゴン,,,
843,0,0,スナヘビ,,9,じめん,,,,
844,0,0,サダイジャ,,9,じめん,,,,
845,0,0,ウッウ,,9,ひこう,みず,,,
846,0,0,サシカマス,,9,みず,,,,
847,0,0,カマスジョー,,9,みず,,,,
848,0,0,エレズン,,9,でんき,どく,,,
849,1,0,ストリンダー,ハイなすがた,9,でんき,どく,,,
849,2,0,ストリンダー,ローなすがた,9,でんき,どく,,,
850,0,0,ヤクデ,,9,ほのお,むし,,,
851,0,0,マルヤクデ,,9,ほのお,むし,,,
852,0,0,タタッコ,,9,かくとう,,,,
853,0,0,オトスパス,,9,かくとう,,,,
854,0,0,ヤバチャ,,9,ゴースト,,,,
855,0,0,ポットデス,,9,ゴースト,,,,
856,0,0,ミブリム,,9,エスパー,,,,
857,0,0,テブリム,,9,エスパー,,,,
858,0,0,ブリムオン,,9,エスパー,フェアリー,,,
859,0,0,ベロバー,,9,あく,フェアリー,,,
860,0,0,ギモー,,9,あく,フェアリー,,,
861,0,0,オーロンゲ,,9,あく,フェアリー,,,
862,0,0,タチフサグマ,,9,あく,ノーマル,,,
863,0,0,ニャイキング,,9,はがね,,,,
864,0,0,サニゴーン,,9,ゴースト,,,,
865,0,0,ネギガナイト,,9,かくとう,,,,
866,0,0,バリコオル,,9,こおり,エスパー,,,
867,0,0,デスバーン,,9,じめん,ゴースト,,,
868,0,0,マホミル,,9,フェアリー,,,,
869,0,0,マホイップ,,9,フェアリー,,,,
870,0,0,タイレーツ,,9,かくとう,,,,
871,0,0,バチンウニ,,9,でんき,,,,
872,0,0,ユキハミ,,9,こおり,むし,,,
873,0,0,モスノウ,,9,こおり,むし,,,
874,0,0,イシヘンジン,,9,いわ,,,,
875,1,0,コオリッポ,アイスフェイス,9,こおり,,,,
875,2,0,コオリッポ,ナイスフェイス,9,こおり,,,,
876,1,0,イエッサン,オスのすがた,9,エスパー,ノーマル,,,
876,2,0,イエッサン,メスのすがた,9,エスパー,ノーマル,,,
877,1,0,モルペコ,まんぷくもよう,9,でんき,あく,,,
877,2,0,モルペコ,はらぺこもよう,9,でんき,あく,,,
878,0,0,ゾウドウ,,9,はがね,,,,
879,0,0,ダイオウドウ,,9,はがね,,,,
880,0,0,パッチラゴン,,9,でんき,ドラゴン,,,
881,0,0,パッチルドン,,9,でんき,こおり,,,
882,0,0,ウオノラゴン,,9,みず,ドラゴン,,,
883,0,0,ウオチルドン,,9,みず,こおり,,,
884,0,0,ジュラルドン,,9,はがね,ドラゴン,,,
885,0,0,ドラメシヤ,,9,ドラゴン,ゴースト,,,
886,0,0,ドロンチ,,9,ドラゴン,ゴースト,,,
887,0,0,ドラパルト,,9,ドラゴン,ゴースト,,,
888,1,0,ザシアン,れきせんのゆうしゃ,9,フェアリー,,,,
888,2,0,ザシアン,けんのおう,9,フェアリー,はがね,,,
889,1,0,ザマゼンタ,れきせんのゆうしゃ,9,かくとう,,,,
889,2,0,ザマゼンタ,たてのおう,9,かくとう,はがね,,,
890,0,0,ムゲンダイナ,,9,どく,ドラゴン,,,
891,0,0,ダクマ,,9,かくとう,,,,
892,1,0,ウーラオス,いちげきのかた,9,かくとう,あく,,,
892,2,0,ウーラオス,れんげきのかた,9,かくとう,みず,,,
893,0,0,ザルード,,9,あく,くさ,,,
894,0,0,レジエレキ,,9,でんき,,,,
895,0,0,レジドラゴ,,9,ドラゴン,,,,
896,0,0,ブリザポス,,9,こおり,,,,
897,0,0,レイスポス,,9,ゴースト,,,,
898,1,0,バドレックス,,9,エスパー,くさ,,,
898,2,0,バドレックス,はくばじょうのすがた,9,エスパー,こおり,,,
898,3,0,バドレックス,こくばじょうのすがた,9,エスパー,ゴースト,,,
899,0,0,アヤシシ,,10,ノーマル,エスパー,,,
900,0,0,バサギリ,,10,むし,いわ,,,
901,0,0,ガチグマ,,10,じめん,ノーマル,,,
902,0,0,イダイトウ,オスのすがた,10,みず,ゴースト,,,
903,0,0,オオニューラ,,10,かくとう,どく,,,
904,0,0,ハリーマン,,10,あく,どく,,,
905,1,0,ラブトロス,けしんフォルム,10,フェアリー,ひこう,,,
905,2,0,ラブトロス,れいじゅうフォルム,10,フェアリー,ひこう,,,
906,0,0,ニャオハ,,11,くさ,,,,
907,0,0,ニャローテ,,11,くさ,,,,
908,0,0,マスカーニャ,,11,くさ,あく,,,
909,0,0,ホゲータ,,11,ほのお,,,,
910,0,0,アチゲータ,,11,ほのお,,,,
911,0,0,ラウドボーン,,11,ほのお,ゴースト,,,
912,0,0,クワッス,,11,みず,,,,
913,0,0,ウェルカモ,,11,みず,,,,
914,0,0,ウェーニバル,,11,みず,かくとう,,,
915,0,0,グルトン,,11,ノーマル,,,,
916,1,0,パフュートン,オスのすがた,11,ノーマル,,,,
916,2,0,パフュートン,メスのすがた,11,ノーマル,,,,
917,0,0,タマンチュラ,,11,むし,,,,
918,0,0,ワナイダー,,11,むし,,,,
919,0,0,マメバッタ,,11,むし,,,,
920,0,0,エクスレッグ,,11,むし,あく,,,
921,0,0,パモ,,11,でんき,,,,
922,0,0,パモット,,11,でんき,かくとう,,,
923,0,0,パーモット,,11,でんき,かくとう,,,
924,0,0,ワッカネズミ,,11,ノーマル,,,,
925,1,0,イッカネズミ,3びきかぞく,11,ノーマル,,,,
925,2,0,イッカネズミ,4ひきかぞく,11,ノーマル,,,,
926,0,0,パピモッチ,,11,フェアリー,,,,
927,0,0,パウッツェル,,11,フェアリー,,,,
928,0,0,ミニーブ,,11,くさ,ノーマル,,,
929,0,0,オリーニョ,,11,くさ,ノーマル,,,
930,0,0,オリーヴァ,,11,くさ,ノーマル,,,
931,0,0,イキリンコ,,11,ノーマル,ひこう,,,
932,0,0,コジオ,,11,いわ,,,,
933,0,0,ジオヅム,,11,いわ,,,,
934,0,0,キョジオーン,,11,いわ,,,,
935,0,0,カルボウ,,11,ほのお,,,,
936,0,0,グレンアルマ,,11,ほのお,エスパー,,,
937,0,0,ソウブレイズ,,11,ほのお,ゴースト,,,
938,0,0,ズピカ,,11,でんき,,,,
939,0,0,ハラバリー,,11,でんき,,,,
940,0,0,カイデン,,11,でんき,ひこう,,,
941,0,0,タイカイデン,,11,でんき,ひこう,,,
942,0,0,オラチフ,,11,あく,,,,
943,0,0,マフィティフ,,11,あく,,,,
944,0,0,シルシュルー,,11,どく,ノーマル,,,
945,0,0,タギングル,,11,どく,ノーマル,,,
946,0,0,アノクサ,,11,くさ,ゴースト,,,
947,0,0,アノホラグサ,,11,くさ,ゴースト,,,
948,0,0,ノノクラゲ,,11,じめん,くさ,,,
949,0,0,リククラゲ,,11,じめん,くさ,,,
950,0,0,ガケガニ,,11,いわ,,,,
951,0,0,カプサイジ,,11,くさ,,,,
952,0,0,スコヴィラン,,11,くさ,ほのお,,,
953,0,0,シガロコ,,11,むし,,,,
954,0,0,ベラカス,,11,むし,エスパー,,,
955,0,0,ヒラヒナ,,11,エスパー,,,,
956,0,0,クエスパトラ,,11,エスパー,,,,
957,0,0,カヌチャン,,11,フェアリー,はがね,,,
958,0,0,ナカヌチャン,,11,フェアリー,はがね,,,
959,0,0,デカヌチャン,,11,フェアリー,はがね,,,
960,0,0,ウミディグダ,,11,みず,,,,
961,0,0,ウミトリオ,,11,みず,,,,
962,0,0,オトシドリ,,11,ひこう,あく,,,
963,0,0,ナミイルカ,,11,みず,,,,
964,1,0,イルカマン,ナイーブフォルム,11,みず,,,,
964,2,0,イルカマン,マイティフォルム,11,みず,,,,
965,0,0,ブロロン,,11,はがね,どく,,,
966,0,0,ブロロローム,,11,はがね,どく,,,
967,0,0,モトトカゲ,,11,ドラゴン,ノーマル,,,
968,0,0,ミミズズ,,11,はがね,,,,
969,0,0,キラーメ,,11,いわ,どく,,,
970,0,0,キラフロル,,11,いわ,どく,,,
971,0,0,ボチ,,11,ゴースト,,,,
972,0,0,ハカドッグ,,11,ゴースト,,,,
973,0,0,カラミンゴ,,11,ひこう,かくとう,,,
974,0,0,アルクジラ,,11,こおり,,,,
975,0,0,ハルクジラ,,11,こおり,,,,
976,0,0,ミガルーサ,,11,みず,エスパー,,,
977,0,0,ヘイラッシャ,,11,みず,,,,
978,1,0,シャリタツ,そったすがた,11,ドラゴン,みず,,,
978,2,0,シャリタツ,たれたすがた,11,ドラゴン,みず,,,
978,3,0,シャリタツ,のびたすがた,11,ドラゴン,みず,,,
979,0,0,コノヨザル,,11,かくとう,ゴースト,,,
980,0,0,ドオー,,11,どく,じめん,,,
981,0,0,リキキリン,,11,ノーマル,エスパー,,,
982,0,0,ノココッチ,,11,ノーマル,,,,
983,0,0,ドドゲザン,,11,あく,はがね,,,
984,0,0,イダイナキバ,,11,じめん,かくとう,,,
985,0,0,サケブシッポ,,11,フェアリー,エスパー,,,
986,0,0,アラブルタケ,,11,くさ,あく,,,
987,0,0,ハバタクカミ,,11,ゴースト,フェアリー,,,
988,0,0,チヲハウハネ,,11,むし,かくとう,,,
989,0,0,スナノケガワ,,11,でんき,じめん,,,
990,0,0,テツノワダチ,,11,じめん,はがね,,,
991,0,0,テツノツツミ,,11,こおり,みず,,,
992,0,0,テツノカイナ,,11,かくとう,でんき,,,
993,0,0,テツノコウベ,,11,あく,ひこう,,,
994,0,0,テツノドクガ,,11,ほのお,どく,,,
995,0,0,テツノイバラ,,11,いわ,でんき,,,
996,0,0,セビエ,,11,ドラゴン,こおり,,,
997,0,0,セゴール,,11,ドラゴン,こおり,,,
998,0,0,セグレイブ,,11,ドラゴン,こおり,,,
999,0,0,コレクレー,,11,ゴースト,,,,
1000,0,0,サーフゴー,,11,はがね,ゴースト,,,
1001,0,0,チオンジェン,,11,あく,くさ,,,
1002,0,0,パオジアン,,11,あく,こおり,,,
1003,0,0,ディンルー,,11,あく,じめん,,,
1004,0,0,イーユイ,,11,あく,ほのお,,,
1005,0,0,トドロクツキ,,11,ドラゴン,あく,,,
1006,0,0,テツノブジン,,11,フェアリー,かくとう,,,
1007,0,0,コライドン,,11,かくとう,ドラゴン,,,
1008,0,0,ミライドン,,11,でんき,ドラゴン,,,
1009,0,0,ウネルミナモ,,11,みず,ドラゴン,,,
1010,0,0,テツノイサハ,,11,くさ,エスパー,,,
1011,0,0,カミッチュ,,11,くさ,ドラゴン,,,
1012,0,0,チャデス,,11,くさ,ゴースト,,,
1013,0,0,ヤバソチャ,,11,くさ,ゴースト,,,
1014,0,0,イイネイヌ,,11,どく,かくとう,,,
1015,0,0,マシマシラ,,11,どく,エスパー,,,
1016,0,0,キチキギス,,11,どく,フェアリー,,,
1017,0,0,オーガポン,みどりのめん,11,くさ,,,,
1018,0,0,ブリジュラス,,11,はがね,ドラゴン,,,
1019,0,0,カミツオロチ,,11,くさ,ドラゴン,,,
1020,0,0,ウガツホムラ,,11,ほのお,ドラゴン,,,
1021,0,0,タケルライコ,,11,でんき,ドラゴン,,,
1022,0,0,テツノイワオ,,11,いわ,エスパー,,,
1023,0,0,テツノカシラ,,11,はがね,エスパー,,,
1024,0,0,テラパゴス,ノーマルフォルム,11,ノーマル,,,,
1025,0,0,モモワロウ,,11,どく,ゴースト,,,